,Tieu de,Tác giả,Người dịch,Nhà xuất bản,Nhà phát hành,Mã Sản phẩm,Giấy phép XB,Khối lượng,Ngôn ngữ,Định dạng,Kích thước,Ngày phát hành,Số trang
0,Người Đàn Ông Mang Tên Ove,Fredrik Backman,Fredrik Backman,Nxb Trẻ,NXB Trẻ,8934974182375,NaN,NaN,Tiếng Việt,Bìa mềm,13 x 20 cm,2022,452
1,Mối Quan Hệ 5.0,Elyakim Kislev,NaN,NXB Công Thương,NaN,8935280913110,NaN,610.00 gam,Tiếng Việt,Bìa mềm,24 x 15.5 cm,2023,360
2,Đừng Chết Bởi Hóa Chất (Tái Bản 2022),"Kang Sang Wook, Lee Jun Young",NaN,Nxb Thế giới,NaN,8935280912397,NaN,500.00 gam,Tiếng Việt,Bìa mềm,20.5 x 14 cm,2022,256
3,Circe,Madeline Miller,NaN,NXB Kim Đồng,NXB Kim Đồng,8935244874488,NaN,750.00 gam,Tiếng Việt,Bìa mềm,22.5 x 14.5 cm,2022,528
4,Toái Ngọc Đầu Châu,Bắc Nam,NaN,Nxb Hà Nội,AZ Việt Nam,8935325003264,-QĐ/HN,950.00 gam,Tiếng Việt,Bìa mềm,20.5 x 14.5 cm,2022,928
5,Hy Vọng Mong Manh,Shizukui Shusuke,NaN,Nxb Hà Nội,Nhã Nam,8935235234109,NaN,650.00 gam,Tiếng Việt,Bìa mềm,20.5 x 14 x 0.8 cm,2022,368
6,"Có Một Ngày, Bố Mẹ Sẽ Già Đi",Nhiều tác giả,NaN,Nxb Thế giới,AZ Việt Nam,8936186544576,NaN,500.00 gam,Tiếng Việt,Bìa mềm,18 x 13 x 0.5 cm,2020,296
7,Tiền Kiếp Có Hay Không?,Jim B Tucker,NaN,Nxb Thế giới,Thái Hà,8935280912991,NaN,550.00 gam,Tiếng Việt,Bìa mềm,20.5 x 13 cm,2022,332
8,Hôn Nhân Chân Kinh - Tái Bản 2022,Gari Chapman,NaN,Nxb Lao động,Nhã Nam,8935280912946,NaN,450.00 gam,Tiếng Việt,Bìa mềm,20.5 x 13 cm,2023,200
9,Lời Hứa,Damon Galgut,NaN,Nxb Lao động,BachvietBooks,9786043862218,NaN,600.00 gam,Tiếng Việt,Bìa mềm,20.5 x 14.5 cm,2022,376
10,Lá Bài Chủ,Jeffery Deaver,NaN,Nxb Lao động,BachvietBooks,9786043605976,NaN,820.00 gam,Tiếng Việt,Bìa mềm,24 x 16 cm,2022,604
11,Nơi Khát Vọng Nảy Mầm,Thích Nữ Nhuận Bình,NaN,Nxb Lao động,Thái Hà,8935280912922,NaN,500.00 gam,Tiếng Việt,Bìa mềm,19 x 13 cm,2022,272
12,How The Mind Works: Trí Óc Vận Hành Như Thế Nào,Steven Pinker,NaN,Nxb Thế giới,Alpha books,8935251410884,NaN,1200.00 gam,Tiếng Việt,Bìa mềm,24 x 16 cm,2022,856
13,Khúc Ngẫu Hứng Trước Ga Mahoro,Miura Shion,NaN,NXB Dân Trí,Nhã Nam,8935235234192,NaN,650.00 gam,Tiếng Việt,Bìa mềm,20.5 x 14 x 1.1 cm,2022,464
14,Lại Thằng Nhóc Emil (Tái Bản 2022),Astrid Lindgren,Vũ Hương Giang,Nxb Hội Nhà Văn,Nhã Nam,8935235234482,-QĐ/NXB HNV,630.00 gam,Tiếng Việt,Bìa mềm,20.5 x 14 cm,2022,360
15,Ô Vẻ Đời,Phạm Phú Quảng,NaN,Nxb Hà Nội,Thái Hà,8935280912915,NaN,380.00 gam,Tiếng Việt,Bìa mềm,14 x 20.5 cm,2022,380
16,Phi Tinh Lương Phái Dễ Hiểu,Alex Alpha – Huyền Minh Group,NaN,Nxb Thế giới,Thái Hà,8935280912786,-QĐ/TG,500.00 gam,Tiếng Việt,Bìa mềm,15.5 x 24 cm,2022,500
17,Tạp Chí Pi: Tập 6 - Số 12 (Tháng 12/2022) (Tặng Kèm Bộ Lì Xì 'Hành Trình Ánh Sáng'),Nhiều tác giả,NaN,NaN,Tạp chí Pi,8938514372646,NaN,250.00 gam,Tiếng Việt,Bìa mềm,19 x 27 cm,2022,63
18,"Cẩm Nang Cho Thủ Lĩnh Bán Hàng - Gỡ Rối Quản Lý, Xử Trí Nhân Viên Khó Nhằn Và Tối Đa Doanh Số",Suzanne M Paling,NaN,NXB Dân Trí,Nhã Nam,8935235236226,NaN,600.00 gam,Tiếng Việt,Bìa mềm,20.5 x 14.5 cm,2022,367
19,Thế Giới Không Có Người Xấu,Whon Jaehun,NaN,NXB Dân Trí,AZ Việt Nam,8935325009662,NaN,450.00 gam,Tiếng Việt,Bìa mềm,19 x 13 cm,2022,200
20,The Secret - Bí Mật (Tái Bản 2021),Rhonda Byrne,Nguyễn Phúc Quang Ngọc,Nxb Thế giới,Thiên Minh Book,9786047799077,NaN,550.00 gam,Tiếng Việt,Bìa mềm,17.5 x 13.5 x 1.7 cm,2021,201
21,Tâm Lý Học Vượt Nghịch Cảnh - Hạnh Phúc Tại Tâm,Tống Thủy Lan,NaN,NXB Hồng Đức,Mcbooks,8935246935583,NaN,520.00 gam,Tiếng Việt,Bìa mềm,20.5 x 14 cm,2022,308
22,Hiểu Mình Để Hiểu Con,Jennifer S Miller,NaN,Nxb Lao động,Thái Hà,8935280912748,NaN,550.00 gam,Tiếng Việt,Bìa mềm,23 x 15 cm,2022,300
23,Future Wise: Điều Gì Đáng Học Cho Tương Lai,David N Perkins,NaN,Nxb Lao động,Thái Hà,8935280912755,NaN,640.00 gam,Tiếng Việt,Bìa mềm,24 x 15.5 cm,2022,356
24,Dám Nghĩ Lại,Adam Grant,NaN,NXB Dân Trí,FIRST NEWS,8935086856499,NaN,550.00 gam,Tiếng Việt,Bìa mềm,24 x 16 cm,2022,336
25,Câu Chuyện Pháp Luật Và Hình Phạt Theo Dòng Thời Gian,"Jiří Linhart, Marcel Králik",NaN,Nxb Thế giới,Nhã Nam,8935235236233,NaN,700.00 gam,Tiếng Việt,Bìa mềm,28 x 21.5 cm,2022,58
26,Chuyện Đó Đâu Ai Ngờ,Jaesoo,NaN,NXB Dân Trí,AZ Việt Nam,8935325009402,NaN,550.00 gam,Tiếng Việt,Bìa mềm,19 x 13 cm,2022,332
27,S.E.O Ngon - Hiểu Đúng Làm Đúng,SEONGON,NaN,NXB Công Thương,Alpha books,8935251419658,NaN,450.00 gam,Tiếng Việt,Bìa mềm,24 x 16 cm,2022,264
28,Content Marketing Trong Kỷ Nguyên 4.0,Alexander Jutkowitz,Alexander Jutkowitz,Nxb Lao động,1980Books,8936066694032,NaN,550.00 gam,Tiếng Việt,Bìa mềm,20 x 13 cm,2022,336
29,Ăn Xanh Sống Lành,Ishihara Yumi,NaN,NXB Thanh Niên,1980Books,8936066691147,NaN,520.00 gam,Tiếng Việt,Bìa mềm,19 x 13 cm,2022,308
0,Lập Luận Sắc Bén Tranh Luận Thành Công,Madsen Pirie,NaN,Nxb Thế giới,Alpha books,8935251419566,NaN,500.00 gam,Tiếng Việt,Bìa mềm,20.5 x 13 cm,2022,300
1,Thuyết Minh Trực Quan Nhất Về Trái Đất,Alphabooks,NaN,NXB Dân Trí,Alpha books,8935251408065,NaN,700.00 gam,Tiếng Việt,Bìa cứng,30.1 x 25 cm,2022,528
2,Bộ Lịch Sử Nhân Loại: Biến Động,Jared Diamond,NaN,NXB Dân Trí,Alpha books,8935270703912,NaN,700.00 gam,Tiếng Việt,Bìa mềm,24 x 16 cm,2022,576
3,Cánh Cổng Sát Nhân,Higashino Keigo,NaN,Nxb Hà Nội,Nhã Nam,8935235236189,NaN,1050.00 gam,Tiếng Việt,Bìa mềm,24 x 15.5 cm,2022,526
4,Nhân Loại Đối Đầu Nhân Tạo,Nhiều tác giả,NaN,Nxb Thế giới,Saigon Books,8935278606680,NaN,500.00 gam,Tiếng Việt,Bìa mềm,23.5 x 15.5 cm,2022,NaN
5,"Suy Nghĩ Tích Cực, Hành Động Đúng Đắn, Tận Hưởng Thành Công",John Maxwell,NaN,NXB Công Thương,1980Books,8936066694117,NaN,550.00 gam,Tiếng Việt,Bìa mềm,20 x 13 cm,2022,338
6,Triết Lý Đầu Tư Của Warren Buffett,Glen Arnold,Khánh Huyền,NXB Công Thương,1980Books,8936066694179,NaN,600.00 gam,Tiếng Việt,Bìa mềm,23 x 16 cm,2022,392
7,Trí Tuệ Khắc Kỷ,Nancy Sherman,NaN,NXB Dân Trí,1980Books,8936066693318,NaN,600.00 gam,Tiếng Việt,Bìa mềm,20.5 x 13 cm,2022,360
8,Siêu Tâm Trí - Học Cách Suy Nghĩ Như Sherlock Holmes,Maria Konnikova,NaN,NXB Thanh Niên,AZ Việt Nam,8935325006913,NaN,520.00 gam,Tiếng Việt,Bìa mềm,24 x 15.7 cm,2022,312
9,"Lắng Nghe Chủ Động, Giao Tiếp Thông Minh, Ứng Xử Linh Hoạt","Fred Kendall, Anna Kendall",NaN,NXB ĐH Kinh tế Quốc dân,1980Books,8936066694780,NaN,500.00 gam,Tiếng Việt,Bìa mềm,19 x 13 cm,2022,288
10,Niềm Vui Và Nỗi Buồn Của Công Việc,Jang Ryu Jin,NaN,Nxb Trẻ,NXB Trẻ,8934974183099,NaN,500.00 gam,Tiếng Việt,Bìa mềm,20 x 13 cm,2022,292
11,100 Nhà Khoa Học Vĩ Đại Thay Đổi Thế Giới,Jon Balchin,NaN,NXB Dân Trí,Tân Việt,8935210306135,NaN,420.00 gam,Tiếng Việt,Bìa mềm,25.5 x 18 cm,2022,208
12,Xây Dựng Trường Học Hạnh Phúc - Con Đường Tôi Đi,Nhà giáo TS Nguyễn Văn Hòa,NaN,NXB Dân Trí,Alpha books,8935309503148,NaN,500.00 gam,Tiếng Việt,Bìa mềm,23 x 15 cm,2022,320
13,Tiếng Nhật Chuyên Ngành Điều Dưỡng Dành Cho Người Mới Bắt Đầu - Kiến Thức Cơ Bản,"Mitsuhashi Asako, Maruyama Makiko",NaN,Nxb Trẻ,NXB Trẻ,8934974182849,NaN,400.00 gam,Tiếng Việt,Bìa mềm,26 x 19 cm,2022,164
14,Vegan Journey - Món Tây Gia Vị Việt,Shushu Le,NaN,NXB Phụ Nữ,AZ Việt Nam,8935325009426,NaN,400.00 gam,Tiếng Việt,Bìa cứng,24 x 17 cm,2022,184
15,Hồi Ức Không Tên (Unnamed Memory) - Bản Đặc Biệt - Tập 1,NaN,NaN,Nxb Hà Nội,Thái Hà,8935280912564,-QĐ/HN,500.00 gam,Tiếng Việt,Bìa mềm,13 x 19 cm,2022,464
16,Suy Nghĩ Độc Hại,Anne Bogel,NaN,NXB Thanh Niên,1980Books,8936066694599,NaN,520.00 gam,Tiếng Việt,Bìa mềm,19 x 13 cm,2022,304
17,Chiến Tranh Tiền Tệ - Phần V (Phần Cuối),Song Hong Bing,NaN,Nxb Lao động,BachvietBooks,9786043606492,NaN,900.00 gam,Tiếng Việt,Bìa mềm,24 x 16 cm,2022,648
18,Lịch Sử Việt Nam Bằng Tranh: Lý Thánh Tông Và Nước Đại Việt (Bản Màu),Nhiều tác giả,NaN,Nxb Trẻ,NXB Trẻ,8934974182528,NaN,400.00 gam,Tiếng Việt,Bìa mềm,24 x 19 cm,2022,80
19,Charlie Munger - Phương Pháp Đầu Tư Giá Trị,Tren Griffin,Từ Uyển Linh,Nxb Lao động,1980Books,8936066694100,NaN,550.00 gam,Tiếng Việt,Bìa mềm,20.5 x 13 cm,2022,320
20,Box Set Baby’S First Word And Picture Dictionary - Từ Điển Song Ngữ Qua Tranh Cho Bé (6 Cuốn),The Kiwi,Hồng Đức,NXB Hồng Đức,Mcbooks,8935246936115,-QĐ/HĐ,480.00 gam,Tiếng Việt,Bìa mềm,13.5 x 11.7 x 4.7 cm,2022,Bộ Hộp
21,Wabi-Sabi - Thương Những Điều Không Hoàn Hảo (Tái Bản 2022),Beth Kempton,NaN,NXB Công Thương,Thái Hà,8935280911314,NaN,500.00 gam,Tiếng Việt,Bìa mềm,20 x 14 cm,2022,299
22,Nhập Môn Triết Học Qua 101 Câu Đố Kinh Điển,Martin Cohen,NaN,NaN,AZ Việt Nam,8935325008719,NaN,600.00 gam,Tiếng Việt,Bìa mềm,20.5 x 14 cm,2022,392
23,Câu Chuyện Nơ Hồng,"Nguyễn Thị Xuyên, Trần Thị Thanh Hương, Nguyễn Bá Tĩnh",NaN,NXB Công Thương,Thái Hà,8935280912502,-QĐ/CT,250.00 gam,"Tiếng Anh, Tiếng Việt",Bìa mềm,21 x 21 cm,2022,136
24,Hãy Hỏi Trái Tim Mình,Park Nam Hee,Vương Thúy Quỳnh Anh,NXB Công Thương,Thái Hà,8935280912540,-QĐ/CT,200.00 gam,Tiếng Việt,Bìa mềm,14 x 20 cm,2022,184
25,Thuật Ngữ Tử Vi Dễ Hiểu,Alex Alpha,NaN,Nxb Thế giới,Thái Hà,8935280912403,-QĐ/TG,350.00 gam,Tiếng Việt,Bìa mềm,15.5 x 24 cm,2022,292
26,Làm Mát Trái Đất,"Isabel Thomas, Alex Paterson",NaN,NXB Dân Trí,Nhã Nam,8935235236073,NaN,190.00 gam,Tiếng Việt,Bìa mềm,20.5 x 14 cm,2022,190
27,Escalante - Người Thầy Xuất Sắc Nhất Nước Mỹ,Jay Mathews,NaN,Nxb Đại Học Sư Phạm,Tân Việt,8935210306265,NaN,600.00 gam,Tiếng Việt,Bìa mềm,20.5 x 14.5 cm,2022,364
28,Có Một Nỗi Buồn Vừa Ngang Qua Đây,NaN,NaN,Nxb văn học,AZ Việt Nam,8935325008870,NaN,400.00 gam,Tiếng Việt,Bìa mềm,20.5 x 13 cm,2022,192
29,Mài Giũa Kỹ Năng - Vượt Trội Điểm Số,Stella Cottrell,NaN,Nxb Thế giới,AZ Việt Nam,8935325007613,NaN,400.00 gam,Tiếng Việt,Bìa mềm,20.5 x 14 cm,2022,194
0,Dám Dũng Cảm - 13 Nguyên Tắc Sống Can Đảm Mỗi Ngày,Franziska Iseli,NaN,Nxb Thế giới,AZ Việt Nam,8935325008009,NaN,520.00 gam,Tiếng Việt,Bìa mềm,20.5 x 14 cm,2022,304
1,Đường Trần - Ngọn Lửa Không Bao Giờ Tắt (Tái Bản 2022),Trần Tố Nga,NaN,Nxb Trẻ,NXB Trẻ,8934974182641,NaN,700.00 gam,Tiếng Việt,Bìa mềm,20 x 13 cm,2022,448
2,Câu Chuyện Nơ Hồng,Nhiều tác giả,NaN,NXB Công Thương,Thái Hà,8935280912502,NaN,450.00 gam,Tiếng Việt,Bìa mềm,21 x 21 cm,2022,136
3,Cáo Đạp Xe - Fox And The Bike Ride (Song Ngữ Dành Cho Lứa Tuổi 2-7),Corey R Tabor,Hà Trang,NXB Thanh Niên,SAN HÔ,8935333710062,-QĐ/NXB ThN,300.00 gam,Tiếng Việt,Bìa mềm,23.5 x 15.5 cm,2022,300
4,Nàng Mèo Của Monnet - Song Ngữ Anh - Việt,"Lily Murray , Becky Cameron",NaN,NXB Thanh Niên,SAN HÔ,8935333710185,-QĐ/NXB ThN,350.00 gam,Tiếng Việt,Bìa mềm,24 x 21 cm,2022,40
5,Chiếc Sofa Hoàn Hảo - The Perfect Sofa,Lily Murray,NaN,NXB Thanh Niên,SAN HÔ,9786043543674,-QĐ/NXB ThN,350.00 gam,Tiếng Việt,Bìa mềm,18.5 x 24 cm,2022,124
6,Willow Nhút Nhát,Charlotte Mei,NaN,NXB Thanh Niên,SAN HÔ,8935333710123,-QĐ/NXB ThN,550.00 gam,Tiếng Việt,Bìa cứng,20.5 x 26 cm,2022,NaN
7,Những Sai Lầm Đắt Giá Trong Marketing (Tái Bản),Jack Trout,NaN,NXB Công Thương,Alpha books,8935251419597,NaN,500.00 gam,Tiếng Việt,Bìa mềm,20.5 x 13 cm,2022,364
8,HBR On - Chiến Lược Số Trong Kỷ Nguyên Kết Nối,Harvard Business Review,NaN,Nxb Thông tin & truyền thông,Alpha books,8935251419535,NaN,450.00 gam,Tiếng Việt,Bìa mềm,26.5 x 20.5 cm,2022,160
9,Câu Chuyện Thần Kỳ Của Samsung: Từ Kẻ Theo Đuôi Thành Người Dẫn Dắt - Samsung Rising,Geoffrey Cain,NaN,Nxb Trẻ,NXB Trẻ,8934974179139,NaN,700.00 gam,Tiếng Việt,Bìa mềm,23 x 15.5 cm,2022,468
10,Tìm Hiểu Văn Học Hiện Đại Hàn Quốc,Kwon Young Min,NaN,Hội nhà văn,Nhã Nam,8935235235472,NaN,614.00 gam,Tiếng Việt,Bìa mềm,24 x 15.5 cm,2022,414
11,Phương Pháp Jakarta - Lịch Sử Các Hoạt Động Bí Mật Của CIA Thời Chiến Tranh Lạnh Ở Đông Nam Á Và Mỹ Latin,Vincent Bevins,NaN,Nxb Thế giới,Nhã Nam,8935235236028,NaN,850.00 gam,Tiếng Việt,Bìa mềm,24 x 15.5 cm,2022,408
12,7 Thói Quen Để Trẻ Hạnh Phúc (Song Ngữ) (Tái Bản 2022),Sean Covey,NaN,Nxb Tổng hợp TP.HCM,Trí Việt,8935086855621,NaN,580.00 gam,Tiếng Việt,Bìa mềm,26 x 19 x 0.7 cm,2022,112
13,Tự Học Viết Tiếng Nhật Căn Bản Hiragana,Jim Gleeson,NaN,Nxb Tổng hợp TP.HCM,Trí Việt,8935086855482,NaN,450.00 gam,Tiếng Việt,Bìa mềm,16 x 24 cm,2022,88
14,Khám Phá Tâm Lý Học Giao Tiếp,Ian Tuhovsky,Nguyễn Tư Thắng,NXB Hồng Đức,Văn Lang,8935074129734,-QĐ/HĐ,300.00 gam,Tiếng Việt,Bìa mềm,21 x 13.5 cm,2022,272
15,Tâm Tình Với Đất Mẹ (Tái Bản 2022),Thích Nhất Hạnh,NaN,NXB Dân Trí,Saigon Books,8935278607625,-QĐ/DT,200.00 gam,Tiếng Việt,Bìa mềm,20.5 x 13 cm,2022,156
16,Điều Gì Đang Cản Lối Bạn ?,Robert Kelsey,Thế Anh,Nxb Thanh Hóa,Văn Lang,8935074129550,-QĐ/TH,360.00 gam,Tiếng Việt,Bìa mềm,21 x 13.5 cm,2022,344
17,Nghệ Sĩ Định Nghĩa Chính Mình,James cahill,NaN,NXB Hồng Đức,Văn Lang,8935074129703,-QĐ/HĐ,260.00 gam,Tiếng Việt,Bìa mềm,24 x 16 cm,2022,168
18,Dạy Con Về Tiền Bạc (Tái Bản),Ernest Tan,Nguyễn Tư Thắng,Nxb Thanh Hóa,Văn Lang,8935074129499,-QĐ/TH,250.00 gam,Tiếng Việt,Bìa mềm,21 x 13.5 cm,2022,232
19,Con Mình Chẳng Lẽ Lại Vứt,"DR Cherry Vũ, David Nguyễn, Rob England",NaN,Nxb Thế giới,Alpha books,8935309502202,NaN,550.00 gam,Tiếng Việt,Bìa mềm,20.5 x 14 x 0.5 cm,2022,328
20,Dạy Con Bằng Kể Chuyện - Đây Chính Là Tớ,Đồng Niên,Đồng Niên,NXB Hồng Đức,Văn Lang,8935074130297,-QĐ/HĐ,140.00 gam,Tiếng Việt,Bìa mềm,21 x 17 cm,2022,56
21,Những Nhà Tư Tưởng Lớn - Adorno Trong 60 Phút,Walther Ziegler,NaN,NXB Hồng Đức,Văn Lang,8935074129581,-QĐ/HĐ,200.00 gam,Tiếng Việt,Bìa mềm,19 x 13 cm,2022,135
22,Điều Kỳ Diệu Của Vận Động,BS Nguyễn Tất Ứng,NaN,Nxb Lao động,Thái Hà,8935280910232,NaN,340.00 gam,Tiếng Việt,Bìa mềm,20.5 x 14.5 x 0.5 cm,2022,160
23,Tạp Chí Pi: Tập 6 - Số 7-8 (Tháng 08.2022),Nhiều tác giả,NaN,NaN,Tạp chí Pi,8938514372608,484/GP-BTTTT ngày 25/10/2016,400.00 gam,Tiếng Việt,Bìa mềm,19 x 27 cm,08/2022,62
24,Tạp Chí Pi: Tập 6 - Số 6 (Tháng 06.2022),NaN,NaN,NaN,Tạp chí Pi,8938514372592,484/GP-BTTTT ngày 25/10/2016,400.00 gam,Tiếng Việt,Bìa mềm,19 x 27 cm,06/2022,62
25,Để Số Đo Không Là Nỗi Lo - Tại Sao Ăn Ít Mà Vẫn Mập?,Đông Đồng,NaN,Nxb Thế giới,Skybooks,8935325008139,NaN,500.00 gam,Tiếng Việt,Bìa mềm,20 x 13 cm,2022,256
26,Hạ Đỏ (Tái Bản 2022),Nguyễn Nhật Ánh,NaN,Nxb Trẻ,NXB Trẻ,8934974177951,NaN,400.00 gam,Tiếng Việt,Bìa mềm,20 x 12 x 0.5 cm,2022,184
27,Hành Trình Nhân Loại Nguồn Gốc Của Thịnh Vượng Và Bất Bình Đẳng,Oded Galor,NaN,NXB Dân Trí,Alpha books,8935270703622,NaN,500.00 gam,Tiếng Việt,Bìa mềm,24 x 16 cm,2022,300
28,Dinh dưỡng xanh,Vitoria Boutenko,Đoàn Trang,NXB Công Thương,Thái Hà,8935280909366,-QĐ/CT,300.00 gam,Tiếng Việt,Bìa mềm,14 x 20.5 cm,2022,271
29,"Tiền - Hiểu Rõ Hơn, Kiếm Tốt Hơn Và Cho Đi Nhiều Hơn",Rob Moore,NaN,Nxb Thế giới,Nhã Nam,8935235235182,NaN,900.00 gam,Tiếng Việt,Bìa mềm,24 x 15.5 cm,2022,456
0,Tâm từ,Ajahn Brahm,NaN,Nxb Tổng hợp TP.HCM,Trí Việt,8935086856338,NaN,320.00 gam,Tiếng Việt,Bìa mềm,16.5 x 11.5 x 1 cm,2022,162
1,Ai Cũng Được Vui - Bộ Kỹ Năng Cho Trẻ Từ 1- 6 Tuổi,Hồ Huy Sơn,NaN,Nxb Tổng hợp TP.HCM,Trí Việt,8935086856215,NaN,450.00 gam,Tiếng Việt,Bìa mềm,17.5 x 17.5 cm,2022,24
2,Chinh Phục Mục Tiêu (Tái Bản 2022),Brian Tracy,NaN,Nxb Tổng hợp TP.HCM,Trí Việt,8935086856253,NaN,550.00 gam,Tiếng Việt,Bìa mềm,13 x 20.5 cm,2022,328
3,Dám Nghĩ Lớn (Khổ Nhỏ) - Tái Bản 2022,"David J Schwartz, PhD",NaN,Nxb Tổng hợp TP.HCM,Trí Việt,8935086856123,NaN,650.00 gam,Tiếng Việt,Bìa mềm,15 x 10 cm,2022,448
4,Lời Nguyện Cầu Hạnh Phúc - The Happiness Prayer,Evan Moffic,Thiên Kim,NXB Hồng Đức,Văn Lang,8935074128294,-QĐ/HĐ,300.00 gam,Tiếng Việt,Bìa mềm,21 x 14 x 0.7 cm,2022,320
5,Thanh Xuân Của Tôi Làm Sao Đây?,Lưu Dĩnh,Ngân Nguyễn,Nxb Thanh Hóa,Văn Lang,8935074128447,-QĐ/TH,260.00 gam,Tiếng Việt,Bìa mềm,21 x 14 x 0.6 cm,2022,280
6,Tại Sao Càng Bận Càng Nghèo Càng Nhàn Càng Giàu,Trương Tịnh Vũ,NaN,Nxb Thanh Hóa,Văn Lang,8935074128645,-QĐ/TH,100.00 gam,Tiếng Việt,Bìa mềm,21 x 14 x 0.3 cm,2022,60
7,Bạn Đang Nghịch Gì Với Đời Mình? (Tái bản),J Krishnamurti,NaN,NXB Hồng Đức,Trí Việt,8935086856000,NaN,520.00 gam,Tiếng Việt,Bìa mềm,20.5 x 14.5 cm,2022,304
8,Tự Học Viết Tiếng Nhật (Tập 1) - 200 Chữ Kanji Căn Bản,Eriko Sato,NaN,Nxb Đại học Quốc gia TPHCM,Trí Việt,8935086855928,NaN,510.00 gam,Tiếng Việt,Bìa mềm,28.5 x 20.5 x 0.7 cm,2022,131
9,Điệp Viên Hoàn Hảo X6 - Bìa Cứng,Larry Berman,NaN,NXB Hồng Đức,Trí Việt,8935086855720,NaN,960.00 gam,Tiếng Việt,Bìa cứng,24 x 16 cm,2022,390
10,Nói Nhiều Không Bằng Nói Đúng - 36 Bí Quyết Để Chiếm Được Cảm Tình Của Người Khác,2 1/2 Bạn Tốt,Tuệ Văn,NXB Thanh Niên,Minh Long,8936067606591,-QĐ/NT,246.00 gam,Tiếng Việt,Bìa mềm,23 x 17 x 0.7 cm,2022,125
11,Hỏi Nhỏ Biết To - Thực Vật (Tái Bản 2022),Nhiều tác giả,NaN,Nxb Mỹ thuật,Minh Long,8936067606508,-QĐ/MT,145.00 gam,Tiếng Việt,Bìa mềm,21 x 18 cm,2022,72
12,Chicken Soup For The Father’S Soul 23 - Trái Tim Người Cha,"Jack Canfield, Mark Victor Hansen",NaN,Nxb Tổng hợp TP.HCM,Trí Việt,8935086856192,NaN,500.00 gam,Tiếng Việt,Bìa mềm,20.5 x 13 cm,2022,176
13,Move Up 2 (2022),Nhiều tác giả,NaN,NXB Giáo Dục,Phương Nam,9786040303042,-QĐ/GD,205.00 gam,Tiếng Việt,Bìa mềm,27.5 x 20.5 x 0.5 cm,2022,76
14,Năng Lượng Từ Hơi Thở,Bích Nguyễn,NaN,NXB Thanh Niên,1980Books,8936066691284,-QĐ/NXB ThN,500.00 gam,Tiếng Việt,Bìa mềm,19 x 13 cm,2021,260
15,Giải Mã Hành Vi Đọc Vị Cảm Xúc,Patrick King,Thanh Huyền,NXB ĐH Kinh tế Quốc dân,1980Books,8936066691277,-QĐ/NXB ĐHKTQD,500.00 gam,Tiếng Việt,Bìa mềm,19 x 13 cm,2021,256
16,Bạn Càng Mạnh Mẽ Thế Giới Càng Công Bằng,Patrick King,Thanh Bình,NXB Thanh Niên,1980Books,8936066690881,-QĐ/ThN,450.00 gam,Tiếng Việt,Bìa mềm,19 x 13 cm,2021,400
17,Lắng Nghe Để Dạy Con Đúng Cách,Koso Tokiko,Kim Ngân,NXB Công Thương,1980Books,8936066690645,-QĐ/CT,450.00 gam,Tiếng Việt,Bìa mềm,19 x 13 x 1.2 cm,2021,246
18,Những Câu Hỏi Lớn Vũ Trụ (Tái Bản),"Stuart Clark, Simon Blackburn",NaN,NXB Dân Trí,Alpha books,8935309502431,NaN,500.00 gam,Tiếng Việt,NaN,20.5 x 14.5 cm,2022,348
19,Anh Em Phi Hành Gia - Tập 34,Chuya Koyama,NaN,Nxb Trẻ,NXB Trẻ,8934974181620,NaN,450.00 gam,Tiếng Việt,Bìa mềm,19 x 13 x 1 cm,2022,208
20,HBR Onpoint 2021 - Đổi Mới Mô Hình Kinh Doanh (Tái Bản 2022),Harvard Business Review,NaN,NXB ĐH Kinh tế Quốc dân,Alpha books,8935251419078,NaN,600.00 gam,Tiếng Việt,Bìa mềm,26.5 x 20.5 cm,2022,156
21,HBR Onpoint 2021: Quản Lý Trong Bối Cảnh Suy Thoái (Tái Bản 2022),Harvard Business Review,NaN,NXB ĐH Kinh tế Quốc dân,Alpha books,8935251419061,NaN,600.00 gam,Tiếng Việt,Bìa mềm,26.5 x 20.5 cm,2022,128
22,The One Thing - Điều Ý Nghĩa Nhất,Jay Papasan Gary Keller,NaN,Nxb Lao động,Alpha books,8935251419191,NaN,400.00 gam,Tiếng Việt,Bìa mềm,20.5 x 13 cm,2022,260
23,Chuyên Gia Kinh Tế Bước Vào Nhà Thổ Và Những Nơi Không Ngờ Khác Để Hiểu Về Rủi Ro,Allison Schrager,NaN,NXB Dân Trí,Nhã Nam,8935235234222,-QĐ/DT,600.00 gam,Tiếng Việt,Bìa mềm,20.5 x 14 cm,2022,336
24,Đại Gia Gatsby (Tái Bản 2022),Francis Scott Key Fitzgerald,NaN,Nxb Thế giới,Nhã Nam,8935235234932,-QĐ/TG,550.00 gam,Tiếng Việt,Bìa mềm,20.5 x 14 cm,2022,260
25,"Viết Gì Cũng Chuẩn, Nói Gì Cũng Hay",Kang Weon Kug,NaN,NXB Hồng Đức,Mcbooks,8935246935460,-QĐ/HĐ,450.00 gam,Tiếng Việt,Bìa mềm,20.5 x 14 cm,2022,434
26,Cây Thập Tự Ven Đường,Jeffery Deaver,NaN,Nxb Lao động,BachvietBooks,9786043601800,NaN,850.00 gam,Tiếng Việt,Bìa mềm,24 x 16 cm,2022,604
27,Dkfindout - Những Điều Sách Giáo Khoa Không Dạy Bạn - Năng Lượng,"Jack Challoner , Emily Hunt",NaN,Nxb Thế giới,Nhã Nam,8935235234352,-QĐ/TG,550.00 gam,Tiếng Việt,Bìa mềm,24 x 18.5 cm,2022,66
28,Ali Và Nino,Kurban Said,Nguyễn Bích Lan,Nxb Hội Nhà Văn,Nhã Nam,8935235234826,-QĐ/NXB HNV,568.00 gam,Tiếng Việt,Bìa mềm,20.5 x 14 cm,2022,368
29,Tìm Việc: Đừng Để Bị Loại Từ “Vòng Gửi Xe”,Lê Tuấn Anh,NaN,NXB Thanh Niên,Nhã Nam,8935235234833,-QĐ/NXB TN,400.00 gam,Tiếng Việt,Bìa mềm,20.5 x 14 cm,2022,220
0,Ngày Đầu Đến Trường - Boris Giải Cứu Buổi Diễn,"Carrie Weston , Tim Warnes",NaN,Nxb Hội Nhà Văn,Nhã Nam,8935235234451,-QĐ/NXB HNV,200.00 gam,Tiếng Việt,Bìa mềm,24 x 24 cm,2022,32
1,Ươm Mầm Giỏi Toán Từ Tiểu Học - Tiểu Học 3 - Phép Cộng Trừ Chẳng Khó,"Park Young Hoon , Wuji House",Lê Thị Mai Phương,Nxb Thế giới,Nhã Nam,8935235229853,-QĐ/TG,320.00 gam,Tiếng Việt,Bìa mềm,26 x 21 x 0.4 cm,2022,80
2,Vui Đọc Truyện Khéo Tay Tô - Truyện Về Các Nàng Công Chúa: Công Chúa Ngủ Trong Rừng,Bùi Mạnh Chiến,NaN,Nxb Mỹ thuật,Minh Long,8936067606706,-QĐ/MT,60.00 gam,Tiếng Việt,Bìa mềm,26 x 19 cm,2022,24
3,Vui Đọc Truyện Khéo Tay Tô - Truyện Về Các Nàng Công Chúa: Công Chúa Tóc Dài,Bùi Mạnh Chiến,NaN,Nxb Mỹ thuật,Minh Long,8936067606720,-QĐ/MT,60.00 gam,Tiếng Việt,Bìa mềm,26 x 19 cm,2022,24
4,Vui Đọc Truyện Khéo Tay Tô - Truyện Về Các Nàng Công Chúa: Nàng Công Chúa Bán Than,Bùi Mạnh Chiến,NaN,Nxb Mỹ thuật,Minh Long,8936067606768,-QĐ/MT,60.00 gam,Tiếng Việt,Bìa mềm,26 x 19 cm,2022,24
5,Happy Reader - Những Bài Diễn Văn Nổi Tiếng Thế Giới (Tái Bản),Park Jong Bae,NaN,Nxb Tổng hợp TP.HCM,Trí Việt,8935086849606,NaN,400.00 gam,Tiếng Việt,Bìa mềm,20.5 x 14.5 cm,2022,46
6,Người Thông Minh Học Tập Như Thế Nào (Tái Bản),Peak Learning,NaN,Nxb Lao động,Alpha books,8935251418927,NaN,550.00 gam,Tiếng Việt,Bìa mềm,20.5 x 13 cm,2022,412
7,Renoir - Cuộc Đời Và Tác Phẩm Qua 500 Hình Ảnh,Susie Hodge,NaN,NXB Dân Trí,Alpha books,8935270702038,NaN,550.00 gam,Tiếng Việt,Bìa cứng,29 x 22 cm,2022,260
8,Nghệ Thuật Phòng The: Để Cuộc Yêu Thăng Hoa,Ian Herner,NaN,NXB Hồng Đức,Mcbooks,8935246933657,-QĐ/HĐ,350.00 gam,Tiếng Việt,Bìa mềm,24 x 16 cm,2022,340
9,Khám Phá Ngành Kinh Doanh Dịch Vụ,Leonard L Berry,NaN,NXB Công Thương,Alpha books,8935251418026,NaN,1200.00 gam,Tiếng Việt,Bìa cứng,24 x 16 x 0.7 cm,2022,329
10,Cuộc Săn Cừu Hoang (Tái Bản 2022),Haruki Murakami,Minh Hạnh,NXB Thanh Niên,Nhã Nam,8935235235007,-QĐ/NXB TN,650.00 gam,Tiếng Việt,Bìa mềm,20.5 x 14 cm,2022,448
11,Mù Lòa,José Saramago,NaN,NXB Dân Trí,BachvietBooks,9786043782134,NaN,620.00 gam,Tiếng Việt,Bìa mềm,20.5 x 13 cm,2022,404
12,Đợi Bọn Mọi,J M Coetzee,NaN,Nxb Lao động,BachvietBooks,9786043605853,NaN,550.00 gam,Tiếng Việt,Bìa mềm,20.5 x 13 cm,2022,316
13,Chiêm Tinh Phù Thủy - Úm Ba La… ''Soi'' Ra Tính Cách - Cung Mọc - Cung Mặt Trăng Và Cung Mặt Trời,"Uyên Bùi , Valentine Vũ",NaN,Nxb Thế giới,Nhã Nam,8935235234956,-QĐ/TG,500.00 gam,Tiếng Việt,Bìa mềm,23 x 14 x 0.6 cm,2022,280
14,Hạt Giống Tâm Hồn - Tâm Hồn Cao Thượng,Edmondo De Amicis,NaN,Nxb Tổng hợp TP.HCM,Trí Việt,8935086855829,NaN,582.00 gam,Tiếng Việt,Bìa mềm,20.5 x 14.5 x 1.9 cm,2022,406
15,Đón Ngọn Triều Dâng,Agatha Christie,NaN,Nxb Trẻ,NXB Trẻ,8934974179115,NaN,311.00 gam,Tiếng Việt,Bìa mềm,20 x 13 x 0.7 cm,2022,320
16,Ong Vàng Siêu Trí Tuệ (Cho Trẻ Từ 3 - 6 Tuổi) - Kỹ Năng Mềm,"Minh Tú, Xuân Thu",NaN,NXB Hồng Đức,Mcbooks,8935246935224,-QĐ/HĐ,100.00 gam,Tiếng Việt,Bìa mềm,26.5 x 19 cm,2022,78
17,"Ong Vàng Siêu Trí Tuệ (Cho Trẻ Từ 3 - 6 Tuổi) - Tưởng Tượng, Sáng Tạo","Minh Tú, Xuân Thu",NaN,NXB Hồng Đức,Mcbooks,8935246935200,-QĐ/HĐ,100.00 gam,Tiếng Việt,Bìa mềm,26.5 x 19 cm,2022,78
18,Bách Khoa Bằng Hình Đầu Tiên Cho Bé 2 - Chủ Đề Thế Giới Động Vật,Tiger Phạm,NaN,NXB Phụ Nữ,Mcbooks,9786043488968,-QĐ/PN,400.00 gam,Tiếng Việt,Bìa mềm,24 x 17.5 cm,2022,30
19,Mỗi Ngày Gửi Cậu Một Cái Ôm,Là Trang,NaN,Nxb Thế giới,AZ books,8935325008238,-QĐ/TG,300.00 gam,Tiếng Việt,Bìa mềm,15 x 15 cm,2022,256
20,Tâm Lý Học Hành Vi Trong Giao Tiếp,Tô Mạn,Hala,Nxb văn học,AZ books,8935325007750,-QĐ/VH,300.00 gam,Tiếng Việt,Bìa mềm,20.5 x 14.5 cm,2022,256
21,Cái Bắt Tay Triệu Đô - The Million Dollar Handshake,Catherine Molloy,NaN,NXB Dân Trí,Trí Việt,8935086855867,NaN,500.00 gam,Tiếng Việt,Bìa mềm,20.5 x 14.5 cm,2022,256
22,"Nghĩ Như Một Tỷ Phú - Mọi Thứ Bạn Cần Biết Về Thành Công, Bất Động Sản Và Cuộc Sống (Tái Bản 2022)","Donald J Trump, Meredith McIver",NaN,Nxb Trẻ,NXB Trẻ,8934974181279,NaN,500.00 gam,Tiếng Việt,Bìa mềm,20.0 x 14 cm,2022,256
23,Như Cơn Gió Thoảng - Nghĩ Về Những Qui Luật Cuộc Sống,Nguyễn Văn Tuấn,NaN,Nxb Trẻ,NXB Trẻ,8934974181286,NaN,520.00 gam,Tiếng Việt,Bìa mềm,20 x 13 cm,2022,312
24,Bách Khoa Toàn Thư Thực Hành Hội Họa,Jean Arestein,Trịnh Phương Thảo,Nxb Thanh Hóa,Văn Lang,8935074128874,-QĐ/TH,960.00 gam,Tiếng Việt,NaN,27 x 19 cm,2022,320
25,Triết Lý Làm Giàu Của Người Do Thái (Tái Bản 2022),Nhậm Học Minh,"Thành Khang, Thanh Nhàn",Nxb Thanh Hóa,Văn Lang,8935074128454,-QĐ/TH,340.00 gam,Tiếng Việt,Bìa mềm,21 x 13.5 x1.5 cm,2022,342
26,Những Kỳ Vọng Lớn Lao,Charles Dickens,Lê Đình Chi,Nxb Hội Nhà Văn,Nhã Nam,8935235234505,-QĐ/NXB HNV,880.00 gam,Tiếng Việt,Bìa mềm,24 x 15.5 cm,2022,512
27,Nếu Gặp Người Ấy Cho Tôi Gửi Lời Chào (Tái Bản 2022),Ichikawa Takuji,Nguyệt Phùng,Nxb văn học,Nhã Nam,8935235234963,-QĐ/NXB VH,600.00 gam,Tiếng Việt,Bìa mềm,20.5 x 14 cm,2022,346
28,21 Ngày Thay Đổi Cuộc Sống Bằng Luật Hấp Dẫn,Amada Rose,NaN,Nxb Thanh Hóa,Văn Lang,8935074128898,-QĐ/TH,213.00 gam,Tiếng Việt,Bìa mềm,21 x 13.5 x 0.8 cm,2022,189
29,Sống Như Một Chú Mèo - Agir Et Penser Comme Un Chat 2,Stéphane Garnier,NaN,Nxb Trẻ,NXB Trẻ,8934974171782,NaN,500.00 gam,Tiếng Việt,Bìa mềm,20.5 x 13 cm,2021,266
0,Tiếng Anh 7 Friends Plus - Workbook,Nhiều tác giả,NaN,NXB Giáo Dục,Phương Nam,9786040311719,-QĐ/GD,197.00 gam,Tiếng Việt,Bìa mềm,27.5 x 20.5 x 0.5 cm,2022,79
1,Ươm Mầm Tỷ Phú Nhí - Trương Nhất Minh: Cha Đẻ Của Đế Chế Tỷ Đô Tiktok,Bizbooks,NaN,NXB Hồng Đức,Mcbooks,8935246935804,-QĐ/HĐ,200.00 gam,Tiếng Việt,Bìa mềm,19 x 13 cm,2022,134
2,Ươm Mầm Tỷ Phú Nhí - Howard Schultz: Tỷ Phú Cà Phê Starbucks,Bizbooks,NaN,NXB Hồng Đức,Mcbooks,8935246935781,-QĐ/HĐ,200.00 gam,Tiếng Việt,Bìa mềm,19 x 13 cm,2022,134
3,Ươm Mầm Tỷ Phú Nhí - Bill Gates: Nhà Thiên Tài Lập Dị Với Huyền Thoại Khởi Nghiệp Microsoft,Bizbooks,NaN,NXB Hồng Đức,Mcbooks,8935246935736,-QĐ/HĐ,200.00 gam,Tiếng Việt,Bìa mềm,19 x 13 cm,2022,134
4,Tâm Lý Học Phát Triển Cái Tôi,Trần Hải Hiền,NaN,Nxb Thế giới,AZ books,8935325008030,-QĐ/TG,350.00 gam,Tiếng Việt,Bìa mềm,20.5 x 14.5 cm,2022,328
5,Ai dám bảo rom-com không có ngoài đời thực?,So Hajikano,NaN,Nxb Hà Nội,Thái Hà,8935280912076,-QĐ/HN,550.00 gam,Tiếng Việt,Bìa mềm,13 x 19 cm,2022,448
6,Bùi Xuân Phái - Con Mắt Của Trái Tim,Nhiều tác giả,NaN,Nxb Trẻ,NXB Trẻ,8934974179580,NaN,589.00 gam,Tiếng Việt,Bìa mềm,20 x 15.5 cm,2022,224
7,Thánh Hiệp Sĩ Nơi Tận Cùng Thế Giới - Tập 1 - Tặng Kèm Postcard + Bookmark,"Kanata Yanagino, Kususaga Rin",Hoàng Duy Khang,NXB Phụ Nữ,Skybooks,8935325007491,NaN,350.00 gam,Tiếng Việt,Bìa mềm,18 x 13 cm,2022,336
8,Nối,Taro Miura,NaN,NXB Kim Đồng,More Production Vietnam,9786042272179,1319/QĐ-KĐ ngày 27/04/2022,150.00 gam,Tiếng Việt,Bìa mềm,18 x 19 cm,2022,NaN
9,"Thêm Chút Nữa, Thêm Chút Nữa","Megumi Iwasa & Jun Takabatake , Yuichi Kimura",NaN,NXB Kim Đồng,More Production Vietnam,9786042237833,1788/QĐ-KD ngày 08/06/2022,250.00 gam,Tiếng Việt,Bìa mềm,19 x 25 cm,2022,NaN
10,Phát Triển Kỹ Năng Lãnh Đạo,John C.Maxwell,NaN,Nxb Lao động,Alpha books,8935251418774,NaN,630.00 gam,Tiếng Việt,Bìa mềm,20.5 x 13 cm,2022,412
11,Hiệu Sách Cuối Cùng Ở London - Tiểu Thuyết Về Chiến Tranh Thế Giới Thứ Hai,Madeline Martin,NaN,Nxb văn học,Tân Việt,8935210302168,NaN,600.00 gam,Tiếng Việt,Bìa mềm,20.5 x 14.5 x 1.3 cm,2022,402
12,Tốc Độ Của Niềm Tin (Tái Bản 2022),"Stephen M R Covey, Rebecca R Merrill",NaN,Nxb Tổng hợp TP.HCM,Viện Quản lý PACE,8935280400726,NaN,805.00 gam,Tiếng Việt,Bìa mềm,23 x 15 x 2.3 cm,2022,407
13,1% Mỗi Ngày - Không Ngừng Chinh Phục Bản Thân,Ngô Di Lân,NaN,Nxb Trẻ,NXB Trẻ,8934974179566,NaN,550.00 gam,Tiếng Việt,Bìa mềm,20 x 13 cm,2022,336
14,Mỗi Ngày Tiết Kiệm Một Giờ - How To Save An Hour Everyday (Tái Bản 2022),Michael Heppell,NaN,Nxb Trẻ,NXB Trẻ,8934974177616,NaN,380.00 gam,Tiếng Việt,Bìa mềm,20 x 13 x 0.5 cm,2022,188
15,"Tư Duy Sâu, Ý Tưởng Bén, Sáng Tạo Thần Sầu",Pawpaw Poroduction,Phương Hoa,Nxb Thế giới,AZ books,8935325007514,-QĐ/TG,200.00 gam,Tiếng Việt,Bìa mềm,24 x 16 cm,2022,192
16,Con Có Thể Tự Bảo Vệ Mình - Con Không Bao Giờ Đi Lạc (Tái Bản 2022),Dagmar Geisler,Bùi Thị Phương Nhung,Nxb thể thao và du lịch,AZ books,8935325007927,-QĐ/DT,100.00 gam,Tiếng Việt,Bìa mềm,29.5 x 20.8 cm,2022,34
17,Con Có Thể Tự Bảo Vệ Mình - Con Không Bao Giờ Đi Cùng Người Lạ (Tái Bản 2022),Dagmar Geisler,Bùi Thị Phương Nhung,NXB Dân Trí,AZ books,8935325007910,-QĐ/DT,100.00 gam,Tiếng Việt,Bìa mềm,29.5 x 20.8 cm,2022,34
18,Đường Đến Nhân Cách,David Brooks,NaN,Nxb Trẻ,NXB Trẻ,8934974180951,NaN,800.00 gam,Tiếng Việt,Bìa mềm,20.5 x 13 cm,2022,568
19,Kỷ Luật Là Sức Mạnh,Time Cương Cương Hảo,Shen,Nxb Thế giới,AZ books,8935325007170,-QĐ/TG,250.00 gam,Tiếng Việt,Bìa mềm,20.5 x 14 cm,2022,224
20,Tôi Ổn - Bạn Ổn,Thomas A Harris,NaN,NXB Dân Trí,Trí Việt,8935086856055,NaN,700.00 gam,Tiếng Việt,Bìa mềm,20.5 x 14.5 cm,2022,464
21,Marilyn Ở Manhattan - Một Năm Hạnh Phúc,Elizabeth Winder,NaN,NXB Dân Trí,Tân Việt,8935210289223,NaN,550.00 gam,Tiếng Việt,Bìa mềm,23 x 15 cm,2022,328
22,Dịch Vụ Khách Hàng 5 Sao (Tái Bản 2022),Michael Heppell,NaN,Nxb Lao động,Alpha books,8935251419252,NaN,500.00 gam,Tiếng Việt,Bìa mềm,20.5 x 13 cm,2022,328
23,Phép Màu Chữa Lành Trái Tim,Jentezen Franklin,NaN,NXB Phụ Nữ,BachvietBooks,9786045690574,NaN,450.00 gam,Tiếng Việt,Bìa mềm,20.5 x 13 cm,2020,224
24,Thám Tử Đã Chết - Tập 3,Nigozyu,Ao,Nxb Hà Nội,Thái Hà,8935280910621,-QĐ/HN,300.00 gam,Tiếng Việt,Bìa mềm,19 x 13 x 1.5 cm,2022,336
25,Gió Lẻ Và 9 Câu Chuyện Khác (Tái Bản 2022),Nguyễn Ngọc Tư,NaN,Nxb Trẻ,NXB Trẻ,8934974178279,NaN,400.00 gam,Tiếng Việt,Bìa mềm,20 x 13 cm,2022,166
26,Giúp Con Nói “Không” Với Đường,"Michael Goran, Emily Ventura",NaN,NXB Dân Trí,Tân Việt,8935210289247,NaN,550.00 gam,Tiếng Việt,Bìa mềm,23 x 15 cm,2021,336
27,Quán Gò Đi Lên (Tái Bản 2022),Nguyễn Nhật Ánh,NaN,Nxb Trẻ,NXB Trẻ,8934974177999,NaN,451.00 gam,Tiếng Việt,Bìa mềm,20 x 13 cm,2022,260
28,Quan Hệ Bạn Bè? - Tập 1 (Tái Bản 2022),Từ Vụ A,Ying Ying,NXB Dân Trí,Skybooks,8935325007248,-QĐ/DT,300.00 gam,Tiếng Việt,Bìa mềm,20.5 x 14.5 cm,2022,256
29,Những Chàng Trai Ở Lộc Phong Quán - Tập 7 (Tái Bản),Shimizu Yu,Tử Yên,Nxb Hà Nội,Skybooks,8935325006524,-QĐ/HN,200.00 gam,Tiếng Việt,Bìa mềm,18 x 13 x 0.5 cm,2022,176
0,Những Chàng Trai Ở Lộc Phong Quán - Tập 1 (Tái Bản),Shimizu Yu,Tử Yên,Nxb Hà Nội,Skybooks,8935325006715,-QĐ/HN,200.00 gam,Tiếng Việt,Bìa mềm,18 x 13 x 0.5 cm,2022,176
1,Bên Nhau Trọn Đời (Tái Bản 2022),Cố Mạn,NaN,Nxb văn học,BachvietBooks,9786043494631,NaN,710.00 gam,Tiếng Việt,Bìa mềm,20.5 x 14.5 x 2.3 cm,2022,435
2,Sa Vào Ánh Hào Quang Của Người - Tập 1,"Uất Trì Kim Trạch , Minh Thu",NaN,Nxb Hà Nội,Skybooks,8935325005558,-QĐ/HN,200.00 gam,Tiếng Việt,Bìa mềm,20.5 x 14.5 cm,2022,148
3,"Hello, Habits - Một Chỉ Dẫn Sống Tốt Hơn",Sasaki Fumio,NaN,NXB Công Thương,Thái Hà,8935280908758,NaN,530.00 gam,Tiếng Việt,Bìa mềm,20.5 x 13 cm,2021,369
4,Ngủ Ngon Như Thế Này!,Mary Murphy,NaN,Nxb Lao động,Muki,9786045686492,65/QĐ-NXBLĐ Ngày 14/1/2022,300.00 gam,Tiếng Việt,Bìa mềm,24 x 25 cm,2022,32
5,Sách - Ehon Song Ngữ - Nuôi Dưỡng Tâm Hồn - Thật Là Tốt (1-6 tuổi),Mary Murphy,NaN,Nxb Lao động,Muki,9786045688786,68/QĐ-NXBLĐ nGÀY 14/1/2022,250.00 gam,Tiếng Việt,Bìa mềm,23 x 25 cm,2022,28
6,Anh Hùng Diệt Thần & Bảy Thệ Ước - Tập 2 - Bản Đặc Biệt - Tặng Kèm Bookmark + Shikishi Phủ Nhũ Vàng + 2 Thẻ Nhân Vật,Umetane,Roku,Nxb Thế giới,AZ books,8935325007194,NaN,500.00 gam,Tiếng Việt,Bìa mềm,18 x 13 cm,2022,448
7,Học Thông Minh - Study Smart,Karen Tui Boyes,Minh Trang,NXB Hồng Đức,Văn Lang,8935074128287,NaN,170.00 gam,Tiếng Việt,Bìa mềm,21 x 14 x 0.5 cm,2022,168
8,Cái Dũng Của Thánh Nhân (Tái Bản 2022),Thu Giang Nguyễn Duy Cần,NaN,Nxb Trẻ,NXB Trẻ,8934974173595,NaN,400.00 gam,Tiếng Việt,Bìa mềm,19 x 13 cm,2022,168
9,Nam Kỳ Và Cư Dân Các Tỉnh Miền Đông,J C Baurac,NaN,Nxb Tổng hợp TP.HCM,Alpha books,8935270703110,NaN,800.00 gam,Tiếng Việt,Bìa cứng,24 x 16 x 4.5 cm,2022,516
10,Utopia - Hành Trình Xây Dựng Xã Hội Với Tầm Nhìn Xa,Rutger Bregman,NaN,NXB Dân Trí,Tân Việt,8935210278890,NaN,500.00 gam,Tiếng Việt,Bìa mềm,23 x 15 cm,2021,274
11,Thuận Tự Nhiên (Tái Bản 2022),AIA Vietnam,NaN,Nxb Thế giới,Saigon Books,9786043459814,-QĐ/TG,100.00 gam,Tiếng Việt,Bìa mềm,23 x 18 cm,2022,86
12,Bé Học Lễ Giáo - Tập 60: Bubu Đội Mũ Bảo Hiểm (2022),Nhiều tác giả,NaN,Nxb Trẻ,NXB Trẻ,8934974177418,NaN,140.00 gam,Tiếng Việt,Bìa mềm,18.5 x 18.5 cm,2022,16
13,Người Nhạy Cảm Và Hành Trình Đi Tìm Bình Yên,PhD Karyn D Hall,NaN,NXB Phụ Nữ,BachvietBooks,9786043293623,NaN,350.00 gam,Tiếng Việt,Bìa mềm,20 x 13.5 cm,2021,340
14,"Tiền Đấu Với Vàng - Đồng Đô-La, Tiêu Chuẩn Vàng, Chứng Khoán Hóa Và Câu Chuyện Kì Lạ Về Hệ Thống Tài Chính Thế Giới",James Rickards,NaN,NXB Tài Chính,BachvietBooks,9786047930630,NaN,800.00 gam,Tiếng Việt,Bìa mềm,20.5 x 14.5 x 2 cm,2022,576
15,Fake News & Chống Fake News - Vì Sao Cái Giả Hấp Dẫn Hơn Cái Thật?,Đỗ Đình Tấn,NaN,Thái Hà,NXB Tổng hợp TP.HCM,9786043770612,-QĐ/TH,316.00 gam,Tiếng Việt,Bìa mềm,20.5 x 13 x 1.5 cm,2022,320
16,Bóng Đêm Ám Ảnh,Egan Hughes,NaN,NXB Thanh Niên,BachvietBooks,9786043541397,NaN,751.00 gam,Tiếng Việt,Bìa mềm,20.5 x 14.5 x 2.5 cm,2022,500
17,Cuộc Chiến Không Dây - Thế Giới Trước Sự Thống Trị Của Trung Quốc Đối Với Mạng Di Động 5G,Jonathan Pelson,NaN,Nxb Lao động,BachvietBooks,9786043430578,NaN,660.00 gam,Tiếng Việt,Bìa mềm,20.5 x 14.5 x 2 cm,2022,416
18,Đừng Để Mâu Thuẫn Nhỏ Gây Hậu Quả Lớn,Mike Bechtle,NaN,NXB Dân Trí,BachvietBooks,9786043444698,NaN,620.00 gam,Tiếng Việt,Bìa mềm,20 x 13.5 x 1.5 cm,2022,372
19,Sách Vải My First Baby Book - Babies (0-3 tuổi),NaN,NaN,Nxb Lao động,Muki,1373263816077,-QĐ/LĐ,NaN,Tiếng Việt,Vải,15 x 15 cm,2020,10
20,Sách Vải Lật Giở Song Ngữ - Lớn Lên Bé Sẽ Thành Ai?,NaN,NaN,NXB Phụ Nữ,Muki,3000047965578,NaN,NaN,"Tiếng Anh, Tiếng Việt",Vải,19 x 19 cm,,8
21,Sách Ehon Song Ngữ Anh - Việt Mary Murphy - Thật Là Tốt!,Mary Murphy,NaN,NXB Phụ Nữ,Muki,1371149819228,-QĐ/PN,NaN,"Tiếng Anh, Tiếng Việt",Bìa mềm,23 x 25 cm,,28
22,Sống Cân Bằng Giữa Muôn Vàn Công Việc,Noriaki Yamamoto,NaN,Nxb Lao động,1980Books,8936066688901,NaN,520.00 gam,Tiếng Việt,Bìa mềm,19 x 13 cm,2020,308
23,"Sách Ehon Bé Tự Tin Giao Tiếp - Lời Động Viên, Cố Chút Nữa! (3- 6 Tuổi)",NaN,NaN,Nxb Lao động,Muki,9786043207125,-QĐ/LĐ,150.00 gam,Tiếng Việt,Bìa mềm,20 x 20 cm,2021,32
24,Sách Ehon Bé Vui Bé Khỏe - Chơi Bập Bênh,"Minh Khuê , Hà Trang",NaN,Nxb Lao động,Muki,9786043434156,-QĐ/LĐ,NaN,Tiếng Việt,Bìa mềm,20 x 20 cm,2021,30
25,Đạo Tình - Tập 2,Chu Ngọc,NaN,NXB Phụ Nữ,Quảng Văn,8936056797903,161/QĐ-PNVN cấp 17/02/2022,800.00 gam,Tiếng Việt,Bìa mềm,16 x 24 cm,2022,463
26,Sách Ehon Bé Vui Bé Khỏe - Đôi Chân Khỏe Mạnh,"Hà Trang , Minh Khuê",NaN,Nxb Lao động,Muki,9786043434118,-QĐ/LĐ,NaN,Tiếng Việt,Bìa mềm,20 x 20 cm,2021,30
27,Sách Ehon Bé Vui Bé Khỏe - Chơi Xích Đu,"Hà Trang , Minh Khuê",NaN,Nxb Lao động,Muki,9786043434194,-QĐ/LĐ,NaN,Tiếng Việt,Bìa mềm,20 x 20 cm,2021,30
28,Đại Học Đừng Học Đại,Cal Newport,MPaKK,Nxb Lao động,Thái Hà,8935280911987,-QĐ/LĐ,270.00 gam,Tiếng Việt,NaN,13 x 20.5 cm,,268
29,Bé Tập Tô Phát Triển Tư Duy - Câu Đố Về Các Loài Cây,"MOM, Khanh Vũ",NaN,Nxb Lao động,Muki,9786043258592,-QĐ,150.00 gam,Tiếng Việt,Bìa mềm,24 x 18 x 0.2 cm,2021,28
0,Sách Ehon Nhật Bản - Nàng Công Chúa Thích Số 5 (3- 6 tuổi),"Kosugi Sanae, Tachimoto Michiko",NaN,Nxb Lao động,Muki,9786043204902,31/QĐ-NXBLĐ ngày 15/01/2021,200.00 gam,Tiếng Việt,Bìa mềm,22.5 x 22.5 cm,2021,32
1,Bé Tập Tô Phát Triển Tư Duy - Câu Đố Về Đồ Vật,"MOM, Khanh Vũ",NaN,Nxb Lao động,Muki,9786043258608,-1123/QĐ-NXBLĐ ngày 05 tháng 07 năm 2021,100.00 gam,Tiếng Việt,Bìa mềm,24 x 18 x 0.2 cm,2021,28
2,Ehon Kỹ Năng Nhận Biết - Cảm Xúc - Biệt Đội Xe Biến Hình - Hiệp Sĩ Ô Tô Tốt Bụng (Từ 1 - 6 Tuổi),"Kawa, Minh Trang",NaN,Nxb Lao động,Muki,9786043432350,-QĐ/LĐ,150.00 gam,Tiếng Việt,Bìa mềm,20 x 20 x 0.2 cm,2021,32
3,Sách Truyện Cổ Mới - Họa Sĩ Quạ Công,Mocha,NaN,NXB Phụ Nữ,Muki,9786045660997,-QĐ/PN,150.00 gam,Tiếng Việt,Bìa mềm,20 x 20 cm,03/2019,32
4,"Khi Người Mẹ Kiếm Tiền - Tự Do Tài Chính, San Sẻ Yêu Thương",Crystal Paine,NaN,NXB Phụ Nữ,NXB Phụ Nữ,9786043293050,NaN,550.00 gam,Tiếng Việt,Bìa mềm,23 x 15 cm,2021,264
5,Sách Bộ Ehon - 02 Cuốn - Cái Dây Rốn/ Đang Tỏa Sáng,"Kawashita Kazuhiko , Motonao Heianza",NaN,NXB Phụ Nữ,Muki,3000047965011,-QĐ/PN,400.00 gam,Tiếng Việt,NaN,20 x 23 cm,2020,24/ 1quyển
6,Karmic Marketing,Joe Vitale,NaN,NXB ĐH Kinh tế Quốc dân,1980Books,1130000096135,NaN,450.00 gam,Tiếng Việt,Bìa mềm,19 x 13 cm,2022,224
7,Phố Xưa Người Cũ,Hoàng Nguyên Vũ,NaN,Nxb Hội Nhà Văn,Saigon Books,8935278607373,NaN,500.00 gam,Tiếng Việt,Bìa mềm,20.5 x 13 cm,2022,276
8,Sách Bộ - 03 Cuốn - Chơi Cùng Các Âm Thanh: Tuti - Bãi Tè Roong Roong/ Rắm Bủm Bủm/ Cục Ị Thối,Kawa,NaN,NXB Phụ Nữ,Muki,1372080716904,NaN,350.00 gam,Tiếng Việt,NaN,20 x 20 cm,2020,20 trang/ 1 quyển
9,Bản Ngã - Thấu Hiểu Và Tan Biến,"David R Hawkins MD, PhD",NaN,Nxb Lao động,1980Books,8936066690928,NaN,420.00 gam,Tiếng Việt,Bìa mềm,20 x 13 cm,2021,204
10,Quẳng Đời Mình Vào Chốn Thiền Môn 2 - Hành Trình Cùng Báo Giác Ngộ,Thiện Bảo,NaN,Nxb Hà Nội,Thái Hà,8935280911802,-QĐ/HN,500.00 gam,Tiếng Việt,Bìa mềm,19 x 13 cm,2022,224
11,How Yoga Works: Bí mật Yoga,Geshe Michael Roach,NaN,Nxb Lao động,Thái Hà,8935280911857,-QĐ/LĐ,550.00 gam,Tiếng Việt,Bìa mềm,24 x 15.5 cm,2022,504
12,Sữa Nóng,Deborah Levy,NaN,Nxb Hội Nhà Văn,Nhã Nam,8935235230323,NaN,600.00 gam,Tiếng Việt,Bìa mềm,20.5 x 14 cm,2021,336
13,Bộ 3 Tam Quốc Diễn Nghĩa,La Quán Trung,NaN,Nxb văn học,Đông A,8936071675866,-QĐ/NXB VH,2500.00 gam,Tiếng Việt,Bìa cứng,16 x 24 cm,2017,NaN
14,Sự Im Lặng Của Bầy Cừu (Tái Bản 2022),Thomas Harris,NaN,Nxb Hội Nhà Văn,Nhã Nam,8935235220508,NaN,560.00 gam,Tiếng Việt,Bìa mềm,15 x 24 cm,2019,359
15,"Sinh Vật Học Kỳ Thú - Bọ Cánh Cứng, Nhện Và Những Người Bạn Khác",Ira Semenyuk,NaN,Nhã Nam,NXB Dân Trí,8935235233492,NaN,766.00 gam,Tiếng Việt,Bìa mềm,28.5 x 20.5 x 0.8 cm,2022,143
16,Bộ Sách Fukuyama - Lịch Sử Chính Trị (Bộ 2 Cuốn),NaN,NaN,NXB Tri thức,Alpha books,8935270703004,NaN,2200.00 gam,Tiếng Việt,NaN,24 x 16 cm,2021,NaN
17,Mình Chỉ Là Người Bình Thường,Kulzsc,NaN,NXB Phụ Nữ,Skybooks,8935325000560,-QĐ/NXB PN,400.00 gam,Tiếng Việt,Bìa mềm,25 x 25 cm,2021,120
18,Lắng Nghe Suy Nghĩ - Thấu Hiểu Tính Cách - Kết Nối Cùng Con,Craig Kessler,NaN,NXB Dân Trí,1980Books,8936066693806,NaN,500.00 gam,Tiếng Việt,Bìa mềm,19 x 13 cm,2022,260
19,IT - Gã Hề Ma Quái - Tập 1,Stephen King,NaN,NXB Thanh Niên,1980Books,8936066693332,NaN,1350.00 gam,Tiếng Việt,Bìa mềm,26 x 16 x 4 cm,2022,868
20,Hiện Hình Ánh Sáng - Hành Trình Chữa Lành Cá Nhân,Barbara Ann Brennan,NaN,Nxb Thế giới,Thái Hà,8935280909915,NaN,1000.00 gam,Tiếng Việt,Bìa mềm,24 x 15.5 x 1 cm,2021,828
21,Kế Hoạch Của Linh Hồn - Khám Phá Ý Nghĩa Cuộc Sống Mà Bạn Đã Lên Kế Hoạch Trước Khi Sinh Ra,Robert Schwartz,NaN,Nxb Hà Nội,Thái Hà,1130000096060,NaN,520.00 gam,Tiếng Việt,Bìa mềm,24 x 15.5 cm,2021,400
22,Ngủ Ít Vẫn Khỏe - 5 Tiếng Là Đủ Sao Phải Là 8? (Tái Bản),Tsubota Satoru,NaN,Nxb Lao động,Thái Hà,8935280908390,NaN,420.00 gam,Tiếng Việt,Bìa mềm,20.5 x 13 cm,2021,200
23,Tay Thầy Trong Tay Con (Tái Bản 2019),Thích Nhất Hạnh,NaN,Nxb Lao động,Thái Hà,8935280903913,NaN,450.00 gam,Tiếng Việt,Bìa mềm,15.5 x 24 cm,2019,247
24,7 Chiến Lược Thịnh Vượng Và Hạnh Phúc (Tái Bản 2021),Jim Rohn,NaN,Nxb Thế giới,Thái Hà,8935280908369,NaN,450.00 gam,Tiếng Việt,Bìa mềm,20.5 x 14.5 cm,2021,214
25,Hạnh Phúc Tự Thân,An Nhiên,NaN,Nxb Thế giới,Alpha books,8936158591706,NaN,450.00 gam,Tiếng Việt,Bìa mềm,20.5 x 13 cm,2021,308
26,Có Hai Con Mèo Ngồi Bên Cửa Số - Phiên Bản Đặc Biệt,Nguyễn Nhật Ánh,NaN,Nxb Trẻ,NXB Trẻ,8934974178378,NaN,420.00 gam,Tiếng Việt,Bìa mềm,24 x 19 cm,2022,216
27,Mình Nói Gì Khi Nói Về Hạnh Phúc (Tái Bản 2022),Rosie Nguyễn,NaN,Nxb Hội Nhà Văn,Nhã Nam,8935235234789,NaN,450.00 gam,Tiếng Việt,Bìa mềm,20.5 x 14 cm,2022,196
28,Hồi Ký Rich DeVos - Con Đường Tỷ Phú,Rich DeVos,NaN,NXB Thanh Niên,Trí Việt,8935086853788,NaN,550.00 gam,Tiếng Việt,Bìa mềm,24 x 16 x 1.2 cm,2021,312
29,Việt Nam Danh Tác - Tố Tâm,Hoàng Ngọc Phách,NaN,Nxb Hội Nhà Văn,Nhã Nam,8935235233119,NaN,400.00 gam,Tiếng Việt,Bìa mềm,20.5 x 14.5 x 0.5 cm,2022,164
0,9 Màu Chia Ly,Bernhard Schlink,NaN,Nxb Hội Nhà Văn,Nhã Nam,8935235233058,NaN,500.00 gam,Tiếng Việt,Bìa mềm,20.5 x 14 x 1 cm,2022,256
1,Xây Dựng Tủ Sách Gia Đình - Cùng Đọc Để Sống Hạnh Phúc Và Kiến Tạo Xã Hội Văn Minh,Nguyễn Quốc Vượng,NaN,NXB Phụ Nữ,NXB Phụ Nữ,8935069921206,NaN,800.00 gam,Tiếng Việt,Bìa mềm,23 x 15.5 x 2 cm,2022,452
2,Kiếp Nào Ta Cũng Tìm Thấy Nhau (Tái Bản 2022),Brian L Weiss,NaN,Nxb Lao động,Thái Hà,8935280909854,NaN,500.00 gam,Tiếng Việt,Bìa mềm,20.5 x 14 x 0.5 cm,2022,290
3,"Silly Gilly Daily - Nhật Ký Gilly Cô Nàng Hâm Đơ, Ngơ Nhây",Naela Ali,X.Lan,NXB Phụ Nữ,NXB Phụ Nữ,9786043481730,-QĐ/PN,550.00 gam,Tiếng Việt,Bìa mềm,18.5 x 12.5 x 1.4 cm,2021,257
4,Ai Cho Marketing Và Đổi Mới Sản Phẩm - Chọn Đúng Sản Phẩm - Chốt Đơn Hiệu Quả,"A K Pradeep , Andrew Appel , Stan Sthanunathan",NaN,NXB Dân Trí,Nhã Nam,8935235233034,NaN,500.00 gam,Tiếng Việt,Bìa mềm,20.5 x 14 x 1.2 cm,2022,400
5,"Luyện Đọc Tiếng Anh, Phát Triển Từ Vựng - Nhà Sinh Hóa Tương Lai - My Doctor's Visit - Cơ Thể & Sức Khỏe","Cara Florance, Jon Florance",NaN,NXB Dân Trí,Alpha books,8935309501991,NaN,270.00 gam,"Tiếng Anh, Tiếng Việt",Bìa mềm,20 x 20 x 0.3 cm,2022,32
6,"20-30 Tuổi, Càng Nhiều Cố Gắng, Càng Lắm May Mắn",Liêu Trí Phong,NaN,NXB Công Thương,BachvietBooks,9786049963353,NaN,450.00 gam,Tiếng Việt,Bìa mềm,20 x 13.5 cm,2020,244
7,"Sống Theo Phương Thức 80/20: Bớt Công Việc, Bớt Ưu Phiền, Thêm Thành Công, Thêm Niềm Vui Sống",Richard Koch,NaN,Nxb Trẻ,NXB Trẻ,8934974179962,-QĐ/NXB Tre,450.00 gam,Tiếng Việt,Bìa mềm,20.5 x 14.5 cm,2022,228
8,Trí Tuệ Quỷ Cốc Tử - Nghệ Thuật Đối Nhân Xử Thế,Trương Tân Quốc,NaN,NXB Dân Trí,Minh Thắng,8935236426817,-QĐ/DT,450.00 gam,Tiếng Việt,Bìa mềm,20.5 x 14.5 cm,2022,232
9,Không Sợ Chậm Chỉ Sợ Dừng,Vãn Tình,NaN,Nxb Thế giới,AZ Việt Nam,8936186548260,NaN,601.00 gam,Tiếng Việt,Bìa mềm,20 x 14.5 x 2 cm,2020,364
10,Không Tự Khinh Bỉ - Không Tự Phí Hoài (Tái Bản 2021),Vãn Tình,NaN,Nxb Thế giới,AZ Việt Nam,8935325050305,NaN,600.00 gam,Tiếng Việt,Bìa mềm,20 x 14.5 x 0.5 cm,2021,368
11,Tâm Hơn Thuốc - Minh Chứng Khoa Học Về Sự Tự Chữa Lành,Lissa Rankin,NaN,NXB Công Thương,Thái Hà,8935280909021,NaN,540.00 gam,Tiếng Việt,Bìa mềm,24 x 15.5 cm,2021,320
12,Siêu Anh Hùng - Những Bài Học Cuộc Sống Từ Các Siêu Anh Hùng Bạn Yêu Thích,"Randall Lotowycz, Tim Palin",NaN,Nxb Trẻ,NXB Trẻ,8934974177760,NaN,400.00 gam,Tiếng Việt,Bìa mềm,24 x 16 cm,2022,136
13,Vở Nhận Biết Và Tập Viết 123 Qua Các Trò Chơi Trí Tuệ - Tập 5 (Từ 4-6 Tuổi),"Kawa, Bảo Việt",NaN,NXB Phụ Nữ,Muki,9786045695821,NaN,375.00 gam,Tiếng Việt,Bìa mềm,24 x 17 x 0.3 cm,2020,32
14,Vở Nhận Biết Và Tập Viết 123 Qua Các Trò Chơi Trí Tuệ - Tập 2 (Từ 4-6 Tuổi) (Tái Bản),"Kawa, Bảo Việt",NaN,NXB Phụ Nữ,Muki,9786045695791,NaN,275.00 gam,Tiếng Việt,Bìa mềm,24 x 17 x 0.3 cm,2020,32
15,Vở Nhận Biết Và Tập Viết ABC Qua Các Trò Chơi Trí Tuệ - Tập 4 (Tái Bản),"Kawa, Bảo Việt",NaN,NXB Phụ Nữ,Muki,9786043208795,NaN,350.00 gam,Tiếng Việt,Bìa mềm,24 x 17 cm,2021,31
16,Ehon Nhận Biết - Chơi Cùng Các Màu Sắc - Đồ Dùng (Từ 1 - 6 Tuổi) (Tái Bản),Kawa,NaN,NXB Phụ Nữ,Muki,9786045693322,NaN,300.00 gam,Tiếng Việt,Bìa mềm,18 x 18 cm,2020,29
17,Thị Trấn Chuyện Kể - Miền Cổ Tích Dành Cho Người Lớn (*),Kathryn Nicolai,---Yuki---,Nxb Thế giới,AZ books,8935325006906,-QĐ/TG,450.00 gam,Tiếng Việt,Bìa mềm,20 x 14.5 cm,2022,192
18,Tro Tàn Của Angela,"Hoàng Nguyên , Nguyễn Bích Lan",NaN,NXB Phụ Nữ,NXB Phụ Nữ,9786043721904,-QĐ/PN,900.00 gam,Tiếng Việt,Bìa mềm,23.5 x 15.5 cm,2022,524
19,Ehon Kỹ Năng Sống - Cùng Con Học Cách Cư Xử - Dọn Dẹp Nào Sóc Nhỏ! (Từ 1 - 6 Tuổi),Kawachan,NaN,NXB Phụ Nữ,Muki,9786043200492,NaN,300.00 gam,Tiếng Việt,Bìa mềm,20 x 20 cm,2020,28
20,Ehon Kĩ Năng Sống - Miu Miu Tự Lập - Đi Tắm (Từ 1 - 6 Tuổi) (Tái Bản),"Kawa, Mai Anh Đỗ",NaN,NXB Phụ Nữ,Muki,9786045693506,NaN,300.00 gam,Tiếng Việt,Bìa mềm,18 x 18 cm,2020,27
21,Ảo Tưởng Tích Cực - Useful Delusions,"Bill Mesler , Shankar Vedantam",Lâm Đặng Cam Thảo,Nxb Thế giới,Saigon Books,8935278606710,-QĐ/TG,550.00 gam,Tiếng Việt,Bìa mềm,20.5 x 14.5 cm,2022,328
22,"Ranh Giới Tự Do - Set Boundaries, Find Peace",Nedra Glover Tawwab,Bích Nga,Nxb Thế giới,Saigon Books,8935278606574,-QĐ/TG,550.00 gam,Tiếng Việt,Bìa mềm,20.5 x 14 cm,2022,328
23,Làm Gì Có Ai Thực Lòng Muốn Chết,Lim Sewon,Heina Phương,Nxb văn học,AZ books,8935325006975,-QĐ/VH,450.00 gam,Tiếng Việt,Bìa mềm,20.5 x 14.5 cm,2022,200
24,Ehon Nhận Biết - Chơi Cùng Các Hình Khối - Chiếc Xe Của Ai? (Từ 1 - 6 Tuổi),"Kawa, Chây",NaN,NXB Phụ Nữ,Muki,9786045693377,NaN,300.00 gam,Tiếng Việt,Bìa mềm,18 x 18 cm,2020,32
25,Trí Tuệ Của Sự Từ Bi - The Wisdom Of Compassion,"Victor Chan , Đức Đạt Lai Lạt Ma",Như Lôi,Nxb Thế giới,Saigon Books,8935278606499,-QĐ/TG,550.00 gam,Tiếng Việt,Bìa mềm,20.5 x 14 cm,2022,320
26,Doanh Nhân Part-Time - The 10 Percent Entrepreneur,Patrick J McGinnis,Phan Ngọc Lệ Minh,Nxb Thế giới,Saigon Books,8935278600831,-QĐ/TG,500.00 gam,Tiếng Việt,Bìa mềm,20.5 x 14 cm,2022,288
27,Tiểu Học Toàn Diện - Những Thói Quen Xanh,"Sophie Giles , Kate Davies",Nguyễn Linh Chi,NXB Dân Trí,Nhã Nam,8935235233867,-QĐ/DT,200.00 gam,Tiếng Việt,Bìa mềm,22 x 16 cm,2022,36
28,Tiểu Học Toàn Diện - Tiêu Tiền Thông Minh,"Sophie Giles , Kate Davies",Nguyễn Linh Chi,NXB Dân Trí,Nhã Nam,8935235233928,-QĐ/DT,200.00 gam,Tiếng Việt,Bìa mềm,22 x 16 cm,2022,36
29,Bé Tập Tô Phát Triển Tư Duy - Thuộc Số Nhanh - Vẽ Tranh Đẹp,"MOM, Khanh Vũ",NaN,Nxb Lao động,Muki,9786043258523,NaN,165.00 gam,Tiếng Việt,Bìa mềm,24 x 18 x 0.2 cm,2021,28
0,Tạp Chí Forbes Số 104 - 105 - 106 - 107,Nhiều tác giả,NaN,Forbes Vietnam,Forbes Vietnam,1130000095865,NaN,1000.00 gam,Tiếng Việt,Bìa mềm,20.5 x 27 cm,2022,460
1,Câu Chuyện Nghệ Thuật - The Story Of Art (Tái Bản 2022),E H Gombrich,Lưu Bích Ngọc,NXB Dân Trí,Alpha books,8935270703417,-QĐ/DT,3200.00 gam,Tiếng Việt,Bìa cứng,29.2 x 20.5 x 3 cm,2022,692
2,Bé Tập Tô Phát Triển Tư Duy - Tập Tô Và Nối Nét - Sơ Đồ IQ - EQ,"MOM, Khanh Vũ",NaN,Nxb Lao động,Muki,9786043258813,NaN,265.00 gam,Tiếng Việt,Bìa mềm,24 x 18 x 0.2 cm,2021,28
3,Ehon Kỹ Năng Nhận Biết - Cảm Xúc - Biệt Đội Xe Biến Hình - Hiệp Sĩ Ô Tô Hiểu Chuyện (Từ 1 - 6 Tuổi),"Kawa, Minh Trang",NaN,Nxb Lao động,Muki,9786043432367,NaN,170.00 gam,Tiếng Việt,Bìa mềm,20 x 20 x 0.2 cm,2021,32
4,Ehon Kỹ Năng Sống - Miu Bé Nhỏ - Đừng Thức Khuya Nhé! (Dành Cho Độ Tuổi 1-6),"Kawa, Mai Anh Đỗ",NaN,NXB Phụ Nữ,Muki,9786043200430,NaN,203.00 gam,Tiếng Việt,Bìa mềm,20 x 20 x 0.3 cm,2020,28
5,Ehon Những Em Bé Ngoan - Ú Ú... Òa Òa (Từ 1 - 6 Tuổi),Kawa,NaN,Nxb Lao động,Muki,9786043253436,NaN,200.00 gam,Tiếng Việt,Bìa mềm,20 x 20 cm,2021,32
6,Ehon Những Em Bé Ngoan - Ngáp Ngáp… (Từ 1 - 6 Tuổi),Kawa,NaN,Nxb Lao động,Muki,9786043253450,NaN,300.00 gam,Tiếng Việt,Bìa mềm,20 x 20 cm,2021,32
7,Ehon Kĩ Năng Sống - Miu Bé Nhỏ - Đừng Nói Dối Nhé! (Từ 1 - 6 Tuổi),Kawa,NaN,Nxb Lao động,Muki,9786043435269,NaN,180.00 gam,Tiếng Việt,Bìa mềm,20 x 20 x 0.3 cm,2022,24
8,Hành Trang Cho Bé Vào Lớp 1 - Tập Tô Khéo - Luyện Viết Đẹp: Luyện Viết Chứ Đẹp - Tập 1,"Minh Khuê, Thảo Tâm",NaN,Nxb Lao động,Muki,9786043601428,NaN,200.00 gam,Tiếng Việt,Bìa mềm,24 x 17 cm,2022,24
9,"Ehon Những Em Bé Ngoan - Bộp, Chạm Vui Vui! (Từ 1 - 6 Tuổi)",Kawa,NaN,Nxb Lao động,Muki,9786043253474,NaN,1200.00 gam,Tiếng Việt,Bìa mềm,20 x 20 cm,2021,32
10,Nấu Yêu Thương Nuôi Dưỡng Nhiệm Màu,Julia Ponsonby,Diệu Linh,Nxb Lao động,Thái Hà,8935280911673,-QĐ/LĐ,300.00 gam,Tiếng Việt,Bìa mềm,"13 x 18,5 cm",2022,160
11,Đường Nào Cũng Trong Lòng Bàn Tay,Đại Sư Tinh Vân,NaN,Nxb Hà Nội,Skybooks,8936186546266,NaN,450.00 gam,Tiếng Việt,Bìa mềm,20 x 13 cm,2020,248
12,Quỷ Ấn (Bộ 2 Tập),Trường Lê,NaN,NXB Dân Trí,AZ books,8935325006418,-QĐ/DT,1200.00 gam,Tiếng Việt,Bìa mềm,20.5 x 14.5 cm,2022,768
13,Chuông Gió - Tập 1,Vĩ Ngư,Hàn Vũ Phi,NXB Thanh Niên,AZ books,8935325006630,-QĐ/NXB TN,700.00 gam,Tiếng Việt,Bìa mềm,20.5 x 14.5 cm,2022,472
14,Phút Nhìn Lại Mình - One Minute For Yourself,"Ph D Spencer Johnson, M D",NaN,Nxb Tổng hợp TP.HCM,Trí Việt,8935086855508,NaN,400.00 gam,Tiếng Việt,Bìa mềm,20.5 x 13 x 0.6 cm,2022,NaN
15,Combo Sách Tiểu Thuyết Hấp Dẫn: Rừng Na Uy + Yêu Những Điều Không Hoàn Hảo (Bộ 2 Cuốn),"Hae Min, Haruki Murakami",NaN,Nhã Nam,Nhã Nam,combo-8935235231382-893523521813,NaN,1040.00 gam,Tiếng Việt,Bìa mềm,20.5 x 14 cm,,NaN
16,Beyond Order - Vượt Lên Trật Tự,Jordan B Peterson,NaN,Nxb Thế giới,Saigon Books,8935278606765,NaN,620.00 gam,Tiếng Việt,Bìa mềm,23.5 x 15.5 cm,2022,408
17,Tạo Lập Mô Hình Kinh Doanh - Cá Nhân (Tái Bản 2022),NaN,NaN,NXB Công Thương,Alpha books,8935251418552,NaN,550.00 gam,Tiếng Việt,Bìa mềm,24 x 19 cm,2022,256
18,Tủ Sách Doanh Nhân Hàng Đầu Châu Á - Bí Quyết Kiến Tạo Sản Phẩm Tuyệt Hảo,Chu Hồng Y,NaN,Nxb Lao động,ChiBooks,8938538123392,NaN,567.00 gam,Tiếng Việt,Bìa mềm,20.5 x 14.5 x 1.8 cm,2022,359
19,Sao Chúng Ta Lại Ngủ - Why We SLeep,Matthew Walker,NaN,Nxb Lao động,Hải Đăng,8935275100327,NaN,700.00 gam,Tiếng Việt,Bìa mềm,15.5 x 23.5 cm,2019,488
20,Y Học Sức Khỏe - Thai Kỳ Khỏe Mạnh - Vượt Cạn Bình An,TS BS Bùi Chí Thương,NaN,Nxb Trẻ,NXB Trẻ,8934974169789,NaN,400.00 gam,Tiếng Việt,Bìa mềm,20 x 12 cm,2020,20 x 12
21,Bí Ẩn Mãi Mãi Là Bí Ẩn 04 (Tái Bản 2022),Nhiều tác giả,NaN,Nxb Trẻ,NXB Trẻ,8934974179191,NaN,400.00 gam,Tiếng Việt,Bìa mềm,19 x 13 cm,2022,164
22,Nền Kinh Tế Trải Nghiệm - Biến Dịch Vụ Của Bạn Thành Trải Nghiệm Khách Hàng,B Joseph Pine II James H Gilmore,NaN,NXB Công Thương,Alpha books,8935251416084,NaN,520.00 gam,Tiếng Việt,Bìa cứng,24 x 16 x 1 cm,2022,324
23,Dạy Học Trong Cách Mạng Công Nghiệp Lần Thứ Tư - Teaching In The Fourth Industrial Revolution,Nhiều tác giả,NaN,Nxb Trẻ,NXB Trẻ,8934974170587,NaN,500.00 gam,Tiếng Việt,Bìa mềm,20 x 14 cm,2020,294
24,Liệu Pháp Miễn Dịch - Bước Đột Phá Trong Chữa Trị Ung Thư,Charles Graeber,NaN,NXB Dân Trí,Alpha books,8935270702151,-QĐ/DT,600.00 gam,Tiếng Việt,Bìa mềm,23 x 15 x 1.5 cm,2022,388
25,Bộ Luật Lao Động Của Nước Cộng Hòa Xã Hội Chủ Nghĩa Việt Nam (Áp Dụng 01.01.2021),Quốc Hội,NaN,Nxb Công an nhân dân,NS Lao Động,9786047248292,-QĐ/CAND,400.00 gam,Tiếng Việt,Bìa mềm,20 x 14.5 x 1 cm,2020,198
26,Tư Duy Mới Về Quản Trị Nhân Sự,Sakai Joe,NaN,NXB Dân Trí,Tân Việt,8935210274137,-QĐ/DT,420.00 gam,Tiếng Việt,Bìa mềm,20.5 x 14.5 cm,2020,183
27,Nghệ Thuật Kiến Tạo Động Lực Cho Nhân Viên,Ota Hajime,NaN,Nxb Lao động,Tân Việt,8935210255624,_QĐ/TV,480.00 gam,Tiếng Việt,Bìa mềm,20.5 x 14.5 cm,2020,277
28,Tâm An Ắt Bình An,Thiên An,NaN,NXB Phụ Nữ,Skybooks,8935325001444,-QĐ/PN,500.00 gam,Tiếng Việt,Bìa mềm,20.5 x 14 cm,2021,288
29,Điều Đẹp Nhất Có Khi Là Buông Tay,NaN,Thought Catalog,Nxb Hà Nội,Skybooks,9786043391060,-QĐ/HN,400.00 gam,Tiếng Việt,Bìa mềm,18 x 11 cm,2021,160
0,Cẩm Nang Khám Phá Cơ Thể Người,George Ivanoff,NaN,Nxb Thế giới,Skybooks,8935325002830,-QĐ/TG,400.00 gam,Tiếng Việt,Bìa mềm,20.5 x 14 cm,2021,176
1,Bắt Sóng Tuổi Ẩm Ương (Giúp Con Bước Qua Tuổi Dậy Thì 12-17 Không Tổn Thương),"Isabelle Filliozat , Anouk Dubois",Phúc Chi Nhi,Nxb Thế giới,Nhã Nam,8935235234017,-QĐ/TG,600.00 gam,Tiếng Việt,Bìa mềm,20.5 x 16 x 0.7 cm,2022,280
2,Khủng Hoảng Về Lốc Xoáy,"Shinji HIKINO , Kazuto SANJO",Phan Mai Phương,Nxb Hà Nội,Thái Hà,8935280911383,-QĐ/NXB-HN,350.00 gam,Tiếng Việt,Bìa mềm,15 x 22 cm,2022,193
3,"Cân Bằng Cảm Xúc, Cả Lúc Bão Giông (Tái Bản 2021)",Richard Nicholls,NaN,Nxb Thế giới,Skybooks,8935325050237,-QĐ/TG,560.00 gam,Tiếng Việt,Bìa mềm,20.5 x 13.5 cm,2021,350
4,Yêu Bản Thân Là Khởi Đầu Của Một Đời Lãng Mạn,Tĩnh Thính Phong,NaN,Nxb văn học,AZ Việt Nam,8935325001758,-QĐ/VH,550.00 gam,Tiếng Việt,Bìa mềm,20.5 x 14.5 cm,2021,328
5,Hãy Sống Từng Ngày Trọn Vẹn,Vu Quyên,NaN,NXB Phụ Nữ,CÔNG TY CỔ PHẦN XUẤT BẢN VÀ GIÁO DỤC VIZI,8936173840780,_QĐ/PN,620.00 gam,Tiếng Việt,Bìa mềm,20.5 x 14.5 cm,2020,408
6,Bóc Phốt Tài Chính - Giàu Chậm Nhưng Chắc (Tái Bản 2022),Nguyễn Trọng Nhân,NaN,NXB Dân Trí,TimeBooks,9786043560114,-QĐ/TBooks,500.00 gam,Tiếng Việt,Bìa mềm,20.5 x 14 x 1 cm,2020,20.5 x 14 x 1
7,Gửi Tới Người Mùa Đông Này Sẽ Không Còn Nữa,Inujun,Ngân Nhi,NXB Dân Trí,AZ books,8935325005145,-QĐ/DT,600.00 gam,Tiếng Việt,Bìa mềm,18 x 13 cm,2022,352
8,Dưỡng Da Trọn Gói (Tái Bản 2021),"Đỗ Anh Thư, Phạm Hương Thùy",NaN,Nxb Thế giới,Nhã Nam,8935235231177,-QĐ/NN,600.00 gam,Tiếng Việt,Bìa mềm,20.5 x 14 cm,2021,359
9,Lặng Nhìn Đời Qua Những Thanh Âm,Jan-Philipp Sendker,NaN,NXB Hồng Đức,IPM,8935250701129,-QĐ/NN,520.00 gam,Tiếng Việt,Bìa mềm,13.5 x 20.5 cm,2017,296
10,Cô Đơn Trên Mạng (Tái Bản 2021),Janusz L Wisniewski,NaN,Nxb Trẻ,NXB Trẻ,8934974172574,-QĐ/NXB Tre,736.00 gam,Tiếng Việt,Bìa mềm,20 x 13 x 2.4 cm,2021,574
11,Đẹp Mãi Những Tấm Lòng,NaN,Nhiều tác giả,Nxb Trẻ,NXB Trẻ,8934974175414,-QĐ/NXB Tre,520.00 gam,Tiếng Việt,Bìa mềm,23 x 16 x 0.8 cm,2022,342
12,Những Cô Em Gái (Tái Bản 2022),Nguyễn Nhật Ánh,NaN,Nxb Trẻ,NXB Trẻ,8934974177968,-QĐ/NXB Tre,420.00 gam,Tiếng Việt,Bìa mềm,20 x 13 cm,2022,204
13,Mật Mã Tiểu Đường,BS Jason Fung,Hồ Thu Phương,NXB Dân Trí,Alpha books,8935309500253,-QĐ/DT,550.00 gam,Tiếng Việt,Bìa mềm,23 x 15 cm,2022,336
14,Tại Sao Chúng Tôi Muốn Bạn Giàu (Tái Bản 2022),"Robert T Kiyosaki , Donald J Trump",Lê Tuyên,Nxb Trẻ,NXB Trẻ,8934974177630,-QĐ/NXB Tre,650.00 gam,Tiếng Việt,Bìa mềm,20 x 14 cm,2022,428
15,Năng Lực Của Sự Ngu Ngốc,Dave Trott,NaN,NXB Dân Trí,Rio Book,8936170870551,-QĐ/DT,450.00 gam,Tiếng Việt,Bìa mềm,20 x 13 x 1.3 cm,2022,280
16,Gửi Con Trai Bố - Những Điều Quan Trọng Mà Người Cha Bị Ung Thư Muốn Nói Với Con Trai 2 Tuổi,Hiroshi Hatano,Vũ Thu Thủy,Nxb Lao động,Thái Hà,8935280911239,-QĐ/TH,500.00 gam,Tiếng Việt,Bìa mềm,19 x 13 x 0.7 cm,2022,252
17,Think And Grow Rich - 13 Nguyên Tắc Nghĩ Giàu Làm Giàu (Tái Bản 2022),Napoleon Hill,Thảo Triều,Nxb Lao động,Thái Hà,8935280911161,-QĐ/LĐ,850.00 gam,Tiếng Việt,Bìa cứng,24 x 15.5 x 3 cm,2022,399
18,Con Đường Thành Phật,Tỷ Khiêu Thích Di Kiên,NaN,Nxb Tôn Giáo,Thái Hà,8935280910959,-QĐ/TG,500.00 gam,Tiếng Việt,Bìa mềm,20.5 x 13 x 1 cm,2022,300
19,Năng Đoạn Kim Cương (Tái Bản 2022),Geshe Michael Roeach,Trần Tuấn Mẫn,Nxb Lao động,Thái Hà,8935280911130,-QĐ/LĐ,620.00 gam,Tiếng Việt,Bìa cứng,24 x15.5 x 3 cm,2022,348
20,Một Ngày Giông Bão Đi Qua,Duy Mỹ,NaN,NXB Dân Trí,Skybooks,8935325005978,-QĐ/DT,350.00 gam,Tiếng Việt,Bìa mềm,19 x 12 x 0.5 cm,2022,152
21,Cuốn Sách Tranh Đầu Tiên Về Những Điều Kỳ Lạ,"Murata Hiroko , Tezuka Akemi",NaN,NXB Phụ Nữ,Quảng Văn,8936056797125,832/QĐ-PNVN ký ngày 9/06/2021,700.00 gam,Tiếng Việt,Bìa mềm,20.5 x 23.5 cm,2021,96
22,OKRs - Bí Mật Của Tăng Trưởng,Christina Wodtke,Trâm Vũ,NXB Công Thương,Alpha books,8935251418545,/QĐ-CT,400.00 gam,Tiếng Việt,Bìa mềm,20 x 16 x 0.5 cm,2022,208
23,"Quan Hệ Anh – Việt Nam (1614-1705) - Từ Tự Do Thương Mại Đến Xung Đột Chính Trị, Quân Sự",Trần Ngọc Dũng,NaN,Nxb Khoa học xã hội,THƯ BOOKS,9786043086577,256/QĐ-NXB KHXH cấp ngày 16/11/2021,1000.00 gam,Tiếng Việt,Bìa cứng,16 x 24 cm,2022,340
24,Tổng Thống Lincoln Và Những Điều Bạn Chưa Biết - Song Ngữ Anh - Việt,Dale Carnegie,Nguyễn Văn Thế Anh (Chủ Biên),NXB Hồng Đức,Alpha books,9786043612240,NaN,900.00 gam,Tiếng Việt,Bìa mềm,16 x 24 cm,2022,550
25,Cùng Con Trưởng Thành - Dạy Con Thói Quen Tốt - Không Đố Kỵ,"Tạ Như , Diêm Sảng",Nguyễn Đức Vịnh,Nxb Hà Nội,Đinh Tị,8935212359221,NaN,100.00 gam,Tiếng Việt,Bìa mềm,21 x 20.5 x 0.3 cm,2022,24
26,Bộ Sách 10 Vạn Câu Hỏi Vì Sao 1 - Trên Trời - Dưới Biển (Bộ 4 Cuốn),Nhiều tác giả,NaN,NXB Thanh Niên,Đinh Tị,8935212359146,NaN,600.00 gam,Tiếng Việt,Bìa mềm,21 x 14.5 x 1.8 cm,2022,NaN
27,126 Trò Chơi Vui Tập Thể Chọn Lọc (Tái Bản 2022),Tôn Thất Sam,NaN,Nxb Trẻ,NXB Trẻ,8934974175438,NaN,400.00 gam,Tiếng Việt,Bìa mềm,20.5 x 13 cm,2022,120
28,Bé Tập Kể Chuyện - Cây Khế (Tái Bản 2022),Nhiều tác giả,NaN,Nxb Trẻ,NXB Trẻ,8934974177432,NaN,150.00 gam,Tiếng Việt,Bìa mềm,18.5 x 18.5 cm,2022,16
29,Bé Tập Kể Chuyện - Quả Táo Của Ai (Tái Bản 2022),Nhiều tác giả,NaN,Nxb Trẻ,NXB Trẻ,8934974177531,NaN,200.00 gam,Tiếng Việt,Bìa mềm,18.5 x 18.5 cm,2022,16
0,Trại Hoa Vàng (2022),Nguyễn Nhật Ánh,NaN,Nxb Trẻ,NXB Trẻ,8934974178019,NaN,500.00 gam,Tiếng Việt,Bìa mềm,20 x 13 cm,2022,288
1,Muông Thú Dạy Ta Bài Học Cuộc Sống,"Haro Arou , Kaori Shinohara",Duy Ngọc,Nxb Trẻ,NXB Trẻ,8934974177845,NaN,400.00 gam,Tiếng Việt,Bìa mềm,20.5 x 13 x 0.5 cm,2022,216
2,365 Bài Học Tâm Lý - Tập 1,Jung Yeoul,Hoài Thảo,Nxb văn học,AZ books,8935325005244,NaN,500.00 gam,Tiếng Việt,Bìa mềm,20.5 x 14.5 x 1.2 cm,2022,288
3,Vẽ Nguệch Ngoạc Cả Thế Giới - How To Draw,Chika Miyata,Hạ Pu,Nxb Thế giới,AZ books,8935325005343,NaN,450.00 gam,Tiếng Việt,Bìa mềm,20 x 14.5 x 1 cm,2022,248
4,Nhật Ký Thao Thức,Lee Crutchley,NaN,Nxb Thế giới,AZ books,8935325005275,NaN,400.00 gam,Tiếng Việt,Bìa mềm,20 x 14.5 cm,2022,200
5,Bài Học Cuộc Sống: Được Và Mất,"Losedow , Triệu Lệ Vinh",NaN,Nxb Thế giới,AZ books,8935325005435,NaN,500.00 gam,Tiếng Việt,Bìa mềm,20.5 x 14.5 cm,2022,280
6,Người Tan Làm Sau Cùng Là Người Nghỉ Việc Đầu Tiên,Uy Liêm,NaN,NXB Phụ Nữ,Skybooks,8935325003561,NaN,650.00 gam,Tiếng Việt,Bìa mềm,20.5 x 14.5 cm,2022,328
7,Trái Tim Phù Thuỷ,Uy Liêm,NaN,NXB Phụ Nữ,Skybooks,8935325004018,NaN,650.00 gam,Tiếng Việt,Bìa mềm,20.5 x 14.5 cm,2022,472
8,Tôi Lại Mơ Thấy Giấc Mơ Ấy,Yoru Sumino,Uy Liêm,NXB Phụ Nữ,Skybooks,8935325003172,NaN,NaN,Tiếng Việt,Bìa mềm,20.5 x 14.5 cm,2022,280
9,Thích Cậu Nốt Hôm Nay,Mei,NaN,NXB Phụ Nữ,Skybooks,8935325004377,NaN,400.00 gam,Tiếng Việt,Bìa mềm,19 x 13 cm,2022,176
10,Phải Lòng Với Cô Đơn (Tái Bản 2022),Kulzsc,NaN,NXB Phụ Nữ,Skybooks,8935325002007,NaN,580.00 gam,Tiếng Việt,Bìa mềm,17 x 11 cm,2022,256
11,Đóa Hoa Đồng Thoại - Giải Thưởng Sáng Tác Truyện Đồng Thoại Eneos Xmogu Lần Thứ 4,Nhiều tác giả,NaN,NXB Kim Đồng,More Production Vietnam,9786042233101,NaN,500.00 gam,Tiếng Việt,Bìa mềm,26 x 21 cm,2022,84
12,Mặc Kệ Thiên Hạ Sống Như Người Nhật (Tái Bản 2022),Mari Tamagawa,Nguyễn Hoàng Vân,Nxb Hà Nội,Skybooks,8935325005299,NaN,400.00 gam,Tiếng Việt,Bìa mềm,20 x 12 cm,2022,192
13,"Bạn Chỉ Cần Sống Tốt, Trời Xanh Tự An Bài (Tái Bản)",Kotoha Yao,Kotoha Yao,Nxb Hà Nội,Skybooks,8935325005237,NaN,500.00 gam,Tiếng Việt,Bìa mềm,19 x 13 cm,2022,262
14,Bí Quyết Bấm Huyệt Chữa Bệnh (Tái Bản 2022),Katsusuke Serizawa,Phạm Kim Thạch,Nxb Tổng hợp TP.HCM,Trí Việt,8935086855492,NaN,430.00 gam,Tiếng Việt,Bìa mềm,28.5 x 21 x 1 cm,2022,232
15,Những Mẫu Chuyện Hài Hước Trong Kinh Doanh Của Người Do Thái (Tái Bản),Hoa Sơn,"Thành Khang , Thủy Tiên",Nxb Thanh Hóa,Văn Lang,8935074126726,NaN,400.00 gam,Tiếng Việt,Bìa mềm,21 x 14 x 1 cm,2022,176
16,Thịnh Vượng Tài Chính Tuổi 30 - Tập 2 (Tái Bản 2022),Go Deuk Seong,NaN,Nxb Lao động,Thái Hà,8935280909786,NaN,400.00 gam,Tiếng Việt,Bìa mềm,24 x 16 x 0.5 cm,2022,246
17,Combo Sách Của Tác Giả A Tăng Kì,A Tăng Kì,NaN,NXB Thanh Niên,OOPSY,1130000095447,NaN,NaN,Tiếng Việt,Bìa mềm,20 x 14 cm,2022,1048
18,Ehon - Trẻ Là Thiên Tài Theo Một Cách Riêng - Harry Tớ Vuốn Viết Được Tên Của Cậu! (Từ 6 Tuổi),Virgo Phan,NaN,Nxb Hà Nội,Thái Hà,8935280910898,NaN,300.00 gam,Tiếng Việt,Bìa mềm,20 x 20 x 0.5 cm,2022,100
19,Tứ Thư Lãnh Đạo - Thuật Lãnh Đạo (Tái Bản 2022),Hòa Nhân,"Nguyễn Thị Thanh, Nguyễn Đức Anh, Phan Vũ Tuấn Anh",Nxb Lao động,Thái Hà,8935280910430,NaN,620.00 gam,Tiếng Việt,Bìa mềm,24 x 15.5 x 2 cm,2022,426
20,Henny,Elizabeth Rose Stanton,NaN,Nxb Hà Nội,Crabit Kidbooks,9786045590003,NaN,300.00 gam,Tiếng Việt,Bìa mềm,21 x 20.5 cm,2022,40
21,Mặt Trời Trong Suối Lạnh,Nguyễn Phương Văn,NaN,NXB Phụ Nữ,AZ books,8935325005473,NaN,NaN,Tiếng Việt,Bìa mềm,19 x 13 cm,2022,160
22,Hành Trang Du Học - (Tái Bản 2021),Chu Đình Tới,NaN,Nxb Lao động,Alpha books,8936158591621,NaN,360.00 gam,Tiếng Việt,Bìa mềm,20.5 x 13 x 0.7 cm,2021,156
23,Nửa Kia Biệt Tích,Brit Bennett,Lã Minh Phương,NXB Phụ Nữ,Huy Hoàng,8935095632367,NaN,855.00 gam,Tiếng Việt,Bìa mềm,20.5 x 13.5 x 2.3 cm,2022,499
24,Dọc Đường,Nguyên Ngọc,NaN,NXB Phụ Nữ,Nhã Nam,8935235233690,NaN,620.00 gam,Tiếng Việt,Bìa mềm,20.5 x 14 cm,2022,408
25,Perfect Ielts Speaking,William Jang,NaN,Nxb Tổng hợp TP.HCM,Cty Nhân Trí Việt,9786043121209,NaN,500.00 gam,Tiếng Việt,Bìa mềm,26 x 18.5 cm,2021,256
26,Vì Sao Phật Giáo Giàu Chân Lý - Why Buddhism Is True,Robert Wright,Du Lê,Nxb Thế giới,Saigon Books,8935278601845,NaN,650.00 gam,Tiếng Việt,Bìa mềm,20.5 x 14 x 1 cm,2022,420
27,Về Quê Lập Nghiệp (Tái Bản),Tuấn Trần,NaN,NXB Dân Trí,Saigon Books,8935278606598,NaN,500.00 gam,Tiếng Việt,Bìa mềm,20.5 x 14 x 1.7 cm,2022,316
28,Quản Lý Cảm Xúc Làm Chủ Lý Trí,"Steven Sloman , Philip Fernbach",Nguyễn Phương Linh,NXB Dân Trí,1980Books,8936066693622,NaN,570.00 gam,Tiếng Việt,Bìa mềm,20.5 x 13 x 1.2 cm,2022,348
29,Montessori - Phương Pháp Giáo Dục Sớm Giúp Trẻ Phát Triển Tiềm Năng Trí Tuệ,BETH WOOD,1980Edu,NXB Dân Trí,1980Books,8936066693134,NaN,500.00 gam,Tiếng Việt,Bìa mềm,18 x 18 cm,2022,168
0,Đạo Đức Trong Kinh Doanh - Nền Tảng Để Phát Triển Doanh Nghiệp Bền Vững,Sarah Duncan,Khánh Trang,NXB Công Thương,Thái Hà,8935280910560,NaN,390.00 gam,Tiếng Việt,Bìa mềm,20.5 x 14.5 x 1 cm,2022,212
1,Đừng Bao Giờ Chia Đôi Lợi Ích Trong Mọi Cuộc Đàm Phán,Chris Voss,Phan Ngọc Lệ Minh,Nxb Thế giới,Alpha books,8935251418125,NaN,650.00 gam,Tiếng Việt,Bìa mềm,20.5 x 13 x 0.9 cm,2022,420
2,Kết Thúc Bán Hàng Đòn Quyết Định - The Art Of Closing The Sale,Brian Tracy,"Thanh Huyền , Thư Trang",NXB Khoa học và kỹ thuật,Alpha books,8935251417920,NaN,450.00 gam,Tiếng Việt,Bìa mềm,20.5 x 13.0 x 0.5 cm,2022,252
3,Quy Tắc Làm Việc Của Google,Laszlo Bock,Cẩm Chi,NXB Công Thương,Alpha books,8935251418095,NaN,650.00 gam,Tiếng Việt,Bìa mềm,24 x 16 x 1.5 cm,2022,432
4,Bạn Có Thể Đàm Phán Bất Cứ Điều Gì (Tái Bản 2022),Herb Cohen,"Nguyễn Vũ Thành , Minh Khôi",NXB Công Thương,Alpha books,8935251417913,NaN,570.00 gam,Tiếng Việt,Bìa mềm,20.5 x 13 x 1.2 cm,2022,364
5,Bách Khoa Thư Về Nghệ Thuật,DK,Alphabooks,NXB Dân Trí,Alpha books,8935309502103,NaN,700.00 gam,Tiếng Việt,Bìa cứng,27.6 x 21.6 cm,2022,208
6,Tủ Sách Đời Người - Truyện Cổ Dân Gian Nga - Tập 4,Alexander Afanasyev,NaN,NXB Dân Trí,Alpha books,8935270703431,NaN,500.00 gam,Tiếng Việt,Bìa mềm,20.5 x 14 x 0.5 cm,2022,200
7,Tủ Sách Đời Người - Truyện Kiều,Nguyễn Du,NaN,NXB Dân Trí,Alpha books,8935270703455,NaN,450.00 gam,Tiếng Việt,Bìa mềm,20.5 x 14 x 0.5 cm,2022,236
8,Thuật Tẩy Não - Nghệ Thuật Thao Túng Và Kiểm Soát Tâm Lý Đối Phương,Cao Đức,Thanh Vân,Nxb Lao động,Alpha books,8935251418309,NaN,570.00 gam,Tiếng Việt,Bìa mềm,20.5 x 13 x 2 cm,2022,404
9,Vic Ielts Reading Start,Cherie Park Siwonschool,Lê Kiều Trang,NXB Dân Trí,Alpha books,8935251417753,NaN,450.00 gam,Tiếng Việt,Bìa mềm,24 x 16 x 1 cm,2022,360
10,Khác Biệt Hay Là Chết (Tái Bản 2021),"Jack Troit , Steve Rivkin",Phạm Thảo Nguyên,Nxb Tổng hợp TP.HCM,Trí Việt,8935086854952,NaN,550.00 gam,Tiếng Việt,Bìa mềm,20.5 x 14.5 x 1.5 cm,2021,344
11,Cho Đời Bớt Muộn Phiền (Tái Bản 2022),Thích Thánh Nghiêm,Thích Quang Định,Nxb Lao động,Thái Hà,8935280907492,NaN,300.00 gam,Tiếng Việt,Bìa mềm,20 x 12 x 0.6 cm,2022,154
12,Tài Chính Cá Nhân Cho Mẹ Đơn Thân,"Robert Bexton , Susan Reynolds",NaN,Nxb Lao động,Thái Hà,8935280910577,NaN,400.00 gam,Tiếng Việt,Bìa mềm,24 x 15.5 x 1 cm,2022,252
13,A Cup Of Chicken Soup For The Soul - Điều Diệu Kỳ Từ Cách Nhìn Cuộc Sống,"Jack Canfield , Mark Victor Hansen",NaN,Nxb Tổng hợp TP.HCM,Trí Việt,8935086855454,NaN,400.00 gam,Tiếng Việt,Bìa mềm,20.5 x 13 x 1 cm,2022,152
14,Sống Không Thắc Mắc Đời Không Nể - Những Kiến Thức Thú Vị Có Thể Bạn Nên Biết,Trương Lập Huy,NaN,NXB Thanh Niên,AZ books,8935325004124,NaN,450.00 gam,Tiếng Việt,Bìa mềm,24 x 16 cm,2022,272
15,Giữa Hai Vương Quốc,Suleika Jaouad,NaN,NXB Thanh Niên,AZ books,8935325004070,NaN,650.00 gam,Tiếng Việt,Bìa mềm,20.5 x 14.5 cm,2022,448
16,"Tôi Đang Đợi Gió, Cũng Là Đợi Bạn",Hà Tiểu Nhiên,Đông Ly,NXB Thanh Niên,AZ books,8935325004285,NaN,500.00 gam,Tiếng Việt,Bìa mềm,20.5 x 14.5 cm,2022,280
17,Sao Người Nỡ Bỏ Rơi Tôi?,Sơn Paris,NaN,Nxb văn học,AZ books,8935325004094,NaN,450.00 gam,Tiếng Việt,Bìa mềm,20.5 x 13 cm,2022,240
18,Tâm Lý Học Đàn Ông - Hiểu Tình Rồi Hãy Yêu,Dr Goodwill,NaN,Nxb Thế giới,AZ books,8935325004391,NaN,400.00 gam,Tiếng Việt,Bìa mềm,20.5 x 14 cm,2022,184
19,Nướng Sao Cho Không Cháy,Bonnie Ohara,NaN,NXB Phụ Nữ,AZ books,8935325005046,NaN,400.00 gam,Tiếng Việt,Bìa mềm,24 x 17 cm,2022,190
20,Thấu Hiểu Chính Mình,Megan Logan,NaN,NXB Dân Trí,AZ books,8935325004735,NaN,450.00 gam,Tiếng Việt,Bìa mềm,19 x 13 cm,2022,236
21,Chúng Ta Lớn Lên Theo Cảm Xúc Của Mẹ,Park Woo Ran,Nguyễn Thủy,NXB Thanh Niên,AZ books,8935325004780,NaN,450.00 gam,Tiếng Việt,Bìa mềm,20.5 x 14.5 cm,2022,168
22,Kho Tàng Truyện Cổ Tích Việt Nam - Tập 1,Nguyễn Đổng Chi,NaN,Nxb Trẻ,NXB Trẻ,8934974167310,NaN,350.00 gam,Tiếng Việt,Bìa mềm,19.5 x 13 x 1 cm,2022,372
23,Đời Thay Đổi Khi Chúng Ta Thay Đổi - Tập 1. Chìa Khóa Hạnh Phúc,Andrew Matthews,"Thúy Nga , Dũng Tiến",Nxb Trẻ,NXB Trẻ,8934974176961,NaN,450.00 gam,Tiếng Việt,Bìa mềm,20 x 14 cm,2022,168
24,Đời Thay Đổi Khi Chúng Ta Thay Đổi - Tập 3 .Trái Tim Sáng Suốt,Andrew Matthews,"Thúy Nga , Dũng Tiến",Nxb Trẻ,NXB Trẻ,8934974176985,NaN,450.00 gam,Tiếng Việt,Bìa mềm,20 x 14 cm,2022,168
25,Chiến Tranh Tiền Tệ - Phần 1 - Ai Thực Sự Là Người Giàu Nhất Thế Giới? (Tái bản 2022),Song Hong Bing,Hồ Ngọc Minh,Nxb Lao động,BachvietBooks,9786043437881,NaN,850.00 gam,Tiếng Việt,Bìa mềm,24 x 16 x 1.5 cm,2022,532
26,Văn Học Tuổi 20 - Nửa Lời Chưa Nói,Duy Ân,NaN,Nxb Trẻ,NXB Trẻ,8934974176732,NaN,300.00 gam,Tiếng Việt,Bìa mềm,20 x 13 x 1 cm,2022,168
27,"Văn Học Tuổi 20 - Ngủ Ngon Nhé, Nàng Thơ",Nguyễn Dương Quỳnh,NaN,Nxb Trẻ,NXB Trẻ,8934974177074,NaN,490.00 gam,Tiếng Việt,Bìa mềm,20 x 13 x 1.2 cm,2022,248
28,Văn Học Tuổi 20 - Vụn Ký Ức,Yang Phan,NaN,Nxb Trẻ,NXB Trẻ,8934974177241,NaN,350.00 gam,Tiếng Việt,Bìa mềm,20 x 13 x 1 cm,2022,156
29,Văn Học Tuổi 20 - Chuồng Cọp Trên Cao,Nguyễn Thu Hằng,NaN,Nxb Trẻ,NXB Trẻ,8934974176923,NaN,600.00 gam,Tiếng Việt,Bìa mềm,20 x 13 cm,2022,380
0,"Đàn Ông Sao Hỏa, Đàn Bà Sao Kim - Tìm Lại Tình Yêu (Tái Bản 2019)",John Gray,NaN,Nxb Tổng hợp TP.HCM,Trí Việt,8935086848623,NaN,650.00 gam,Tiếng Việt,Bìa mềm,13 x 20.5 cm,2019,448
1,Sống Lần Thứ 2 (Tái Bản 2022),Nguyễn Thủy Tiên,NaN,Nxb Lao động,Thái Hà,8935280910348,NaN,650.00 gam,Tiếng Việt,Bìa mềm,14.5 x 20.5 cm,2022,304
2,1000 Hợp Âm Cho Đàn Guitare (Tái Bản 2021),"Patrick Moulou , Art Mickaelian",NaN,Nxb Thanh Hóa,Văn Lang,8935074125620,NaN,450.00 gam,Tiếng Việt,Bìa mềm,19 x 27 cm,2021,104
3,Quẳng Gánh Lo Đi & Vui Sống - Bìa Cứng (Tái Bản 2021),Dale Carnegie,NaN,Nxb Tổng hợp TP.HCM,Trí Việt,8935086854884,NaN,800.00 gam,Tiếng Việt,Bìa cứng,20.5 x 14.5 x 2.1 cm,2021,311
4,Trúc Thư Dao 1 - Nước Tần - Có Nàng Tên Thập,Văn Giản Tử,Tố Hinh,Nxb Hà Nội,Nhã Nam,8935235233133,NaN,900.00 gam,Tiếng Việt,Bìa mềm,20.5 x 14 x 2 cm,2022,528
5,Tâm Hồn Cao Thượng,Edmondo De Amicis,NaN,NXB Phụ Nữ,Nhã Nam,8935235233157,NaN,650.00 gam,Tiếng Việt,Bìa mềm,24 x 15.5 x 2 cm,2022,432
6,Huyền Thuật Và Các Đạo Sĩ Tây Tạng,Elexandra David - Neel,Nguyên Phong,Nxb Thế giới,Trí Việt,8935086855430,NaN,450.00 gam,Tiếng Việt,Bìa mềm,14.5 x 20.5 cm,2022,260
7,52 Thí Nghiệm Steam Siêu Thú Vị Kích Thích Trí Sáng Tạo,Liz Lee Heinecke,NaN,Nxb Thế giới,1980Books,8936066686952,NaN,450.00 gam,Tiếng Việt,Bìa mềm,20.5 x 20.5 cm,2019,140
8,Combo 10 Cuốn Truyện Ngụ Ngôn Aesop Song ngữ - Truyện Kể Mầm Non ( Giao Ngẫu Nhiên),Nhiều tác giả,NaN,NXB Đồng Nai,Fahasa,1130000095168,NaN,1000.00 gam,Tiếng Việt,Bìa mềm,NaN,2018,NaN
9,Nghiệp Tình Yêu - Karma Of Love (Tái Bản 2021),Geshe Michael Roach,NaN,Nxb Lao động,Thái Hà,8935280909397,NaN,800.00 gam,Tiếng Việt,Bìa mềm,24 x 16 cm,2021,589
10,Muốn Học Giỏi Lịch Sử Không? Tớ Cho Cậu Mượn Vở - Tập 2: Trung Đại,Ximena Vengoechea,NaN,Nxb Thế giới,Thái Hà,8935280909892,NaN,350.00 gam,Tiếng Việt,Bìa mềm,20 x 14.5 x 1 cm,2022,202
11,Muốn Học Giỏi Lịch Sử Không? Tớ Cho Cậu Mượn Vở - Tập 1: Cổ Đại (Tái Bản 2022),Ximena Vengoechea,NaN,Nxb Thế giới,Thái Hà,8935280909908,NaN,350.00 gam,Tiếng Việt,Bìa mềm,20 x 14.5 x 1 cm,2022,152
12,Ehon - Mọt Sách Mogu - Gư-Ri Và Gư-Ra,"Rieko Nagakawa , Yuriko Omura",NaN,NXB Kim Đồng,More Production Vietnam,9786042188814,NaN,250.00 gam,Tiếng Việt,Bìa mềm,26 x 19 cm,2020,32
13,Ehon - Mùa Xuân Của Bê Con,Gomi Taro,NaN,NXB Kim Đồng,More Production Vietnam,9786042192453,NaN,250.00 gam,Tiếng Việt,Bìa mềm,26 x 21 cm,2020,36
14,Truyện Tranh Ehon - Mưa Rơi,Sato Wakiko,NaN,Nxb Thế giới,More Production Vietnam,9786047744138,NaN,200.00 gam,Tiếng Việt,Bìa mềm,26 x 19 cm,2018,40
15,Truyện Tranh Ehon - Mọi Người Đã Dạy Tớ (Tái Bản),Gomi Taro,NaN,NXB Kim Đồng,More Production Vietnam,9786042191777,NaN,200.00 gam,Tiếng Việt,Bìa mềm,26 x 19 cm,2021,40
16,Ehon - Mọt Sách Mogu - Gà Con Chạy Trốn (Tái Bản 2020),Gomi Taro,NaN,NXB Kim Đồng,More Production Vietnam,9786042188203,NaN,200.00 gam,Tiếng Việt,Bìa mềm,21 x 20 cm,2020,24
17,Ehon - Mọt Sách Mogu - Cái Bàn Là Cái Bàn,Gomi Taro,NaN,NXB Kim Đồng,More Production Vietnam,9786042140997,NaN,200.00 gam,Tiếng Việt,Bìa mềm,22.5 x 23 cm,2019,36
18,Ehon - Mọt Sách Mogu - Rukkio Và Furifuri - Giáng Sinh Đầu Tiên,Naoko Shono,NaN,NXB Kim Đồng,More Production Vietnam,9786042154703,NaN,200.00 gam,Tiếng Việt,Bìa mềm,25.7 x 21 cm,2019,32
19,Ehon - Mọt Sách Mogu - Nỗi Buồn Ốc Sên,Niimi Nankichi,"Lê Hiền , Linh Trụ",NXB Kim Đồng,More Production Vietnam,9786042182294,NaN,200.00 gam,Tiếng Việt,Bìa mềm,26 x 19 cm,2021,24
20,"Dâu Nhỏ Ơi, Cậu Ở Đâu Thế?",Sayaka Noshi,NaN,NXB Kim Đồng,More Production Vietnam,9786042233859,NaN,250.00 gam,Tiếng Việt,Bìa mềm,NaN,2021,32
21,Truyện Tranh Ehon - Ai Thân Thiết Với Ai (Tái Bản 2020),Toshio Nishimura,NaN,NXB Kim Đồng,More Production Vietnam,9786042187077,NaN,300.00 gam,Tiếng Việt,Bìa mềm,21 x 20 cm,2021,28
22,Đường Mây Qua Xứ Tuyết (Tái Bản 2021),Anagarika Govinda,Nguyên Phong,Nxb Thế giới,Trí Việt,8935086855195,NaN,540.00 gam,Tiếng Việt,Bìa mềm,20.5 x 14.5 cm,2021,320
23,Chicken Soup For The College Soul - Tuổi Hoa Niên Đáng Nhớ,"Jack Canfield , Mark Victor Hansen",NaN,Nxb Tổng hợp TP.HCM,Trí Việt,8935086855188,NaN,400.00 gam,Tiếng Việt,Bìa mềm,20.5 x 13 cm,2021,152
24,Miền Đất Hứa - A Promised Land,Barack Obama,NaN,NXB Dân Trí,Trí Việt,8935086855287,NaN,2500.00 gam,Tiếng Việt,Bìa cứng,24 x 16 cm,2022,1040
25,Sức Mạnh Của Hiện Tại (Tái Bản 2021),Eckhart Tolle,NaN,Nxb Tổng hợp TP.HCM,Trí Việt,8935086855263,NaN,630.00 gam,Tiếng Việt,Bìa mềm,20.5 x 15 x 1.2 cm,2021,400
26,Vị Giám Đốc Một Phút (Tái Bản 2021),"Ken Blanchard , Ph D Spencer Johnson, M D",NaN,Nxb Tổng hợp TP.HCM,Trí Việt,8935086855270,NaN,400.00 gam,Tiếng Việt,Bìa mềm,20.5 x 13 x 0.5 cm,2021,186
27,Theo Chân Người Tí Hon - Khám Phá Trái Đất,"John Farndon , Tim Hutchinson",NaN,Nxb Lao động,Thái Hà,8935280910317,NaN,450.00 gam,Tiếng Việt,Bìa mềm,27 x 20.5 x 0.5 cm,2022,80
28,14 Nguyên Tắc Tăng Trưởng Thần Tốc Như Amazon,Steve Anderson,NaN,NXB Dân Trí,Trí Việt,8935086855393,NaN,550.00 gam,Tiếng Việt,Bìa mềm,14.5 x 20.5 cm,2022,352
29,"Súng, Vi Trùng Và Thép (Tái Bản 2022)",Jared Diamond,Trần Tiễn Cao Đăng,Nxb Thế giới,Alpha books,8935270703509,NaN,1300.00 gam,Tiếng Việt,Bìa mềm,24 x 16 cm,2021,660
0,Cảng Biển Và Logistics - Nhìn Lại Một Hành Trình Phát Triển,Đặng Dưỡng,NaN,NXB Dân Trí,Alpha books,9786043443905,NaN,650.00 gam,Tiếng Việt,Bìa mềm,20.5 x 14 x 1 cm,2021,452
1,Bài Học Phần Lan 3.0 (Tái Bản),Pasi Sahlberg,"Đặng Việt Vinh , Lê Phương Anh",Nxb Thế giới,Alpha books,8935270703233,NaN,500.00 gam,Tiếng Việt,Bìa mềm,24 x 16 cm,2020,408
2,"Kaizen - Cải Tiến Hiện Trường, Hiệu Quả Tức Thì - Thực Hành Kaizen Trong Doanh Nghiệp Việt",Dan Buettner,NaN,NXB Công Thương,Alpha books,8935251418033,NaN,450.00 gam,Tiếng Việt,Bìa mềm,24 x 16 x 1 cm,2022,196
3,Chuyện Lẩu Cua,Chris Freund,NaN,Nxb Thế giới,Alpha books,8935251417739,NaN,250.00 gam,Tiếng Việt,Bìa cứng,24.5 x 23 x 0.5 cm,2022,68
4,Nghệ Thuật Kể Chuyện Bằng Dữ Liệu,Dan Buettner,NaN,Nxb Lao động,Alpha books,8935251411706,NaN,400.00 gam,Tiếng Việt,Bìa mềm,23 x 15 x 0.5 cm,02/2022,200
5,Crab Hotpot,Chris Freund,NaN,Nxb Thế giới,Alpha books,9786043452341,NaN,1000.00 gam,Tiếng Việt,Bìa cứng,24.5 x 23 x 1 cm,2022,67
6,Tam Quốc Di Sự,Il Yeon (Nhất Nhiên),NaN,Nxb văn học,Nhã Nam,1130000095005,NaN,550.00 gam,Tiếng Việt,Bìa mềm,24 x 15.5 cm,2022,384
7,Án Mạng Ở Nhà Mục Vụ (Tái Bản 2022),Agatha Christie,NaN,Nxb Trẻ,NXB Trẻ,8934974165354,NaN,600.00 gam,Tiếng Việt,Bìa mềm,20 x 13 x 1.5 cm,2022,340
8,Que Que Thích Khám Phá: Tàu Thuyền,"John Paul , John Farndon",NaN,Nxb Trẻ,NXB Trẻ,8934974175520,NaN,200.00 gam,Tiếng Việt,Bìa mềm,26 x 19 x 0.5 cm,2022,32
9,Que Que Thích Khám Phá: Núi Non Và Thung Lũng - Từ Đỉnh Núi Cao Qua Đồng Bằng Đến Tâm Trái Đất,"Catherine Chambers , John Paul de Quay",NaN,Nxb Trẻ,NXB Trẻ,8934974175575,NaN,200.00 gam,Tiếng Việt,Bìa mềm,26 x 19 x 0.5 cm,2022,32
10,Xa Lạ Trong Tôi,Orhan Pamuk,Thiên Nga,Nxb Hà Nội,Nhã Nam,8935235232679,NaN,1000.00 gam,Tiếng Việt,Bìa mềm,24 x 15.5 cm,2022,324
11,Chuyện Xóm Gà - Căn Lều Ma Quái Tấn Công Xóm Gà,"Christian Heinrich , Christian Jolibois",NaN,Nxb Hà Nội,Nhã Nam,8935235232266,NaN,200.00 gam,Tiếng Việt,Bìa mềm,19 x 14.5 x 0.5 cm,2021,48
12,"Hít Hà Mùi Đất Nước - Táo Ơi, Táo Rơi Đất Lành","Mình Là Hũ , Trúc Nhi Hoàng",NaN,Nxb Hà Nội,Nhã Nam,8935235232488,NaN,450.00 gam,Tiếng Việt,Bìa mềm,20 x 20 cm,2021,20
13,Hít Hà Mùi Đất Nước - Không Có Nhiều Củi Khô Đến Thế Đâu,"Mình Là Hũ , Trúc Nhi Hoàng",NaN,Nxb Hà Nội,Nhã Nam,8935235232532,NaN,440.00 gam,Tiếng Việt,Bìa mềm,20 x 20 cm,2022,20
14,Tăng Cường Sức Mạnh Não Bộ,Kato Toshinori,NaN,Nxb Thế giới,Nhã Nam,8935235232440,NaN,450.00 gam,Tiếng Việt,Bìa mềm,20.5 x 14 x 0.5 cm,2022,234
15,Hơn Cả Khởi Nghiệp 2.0: Xây Dựng Công Ty Từ Khởi Nghiệp Đến Vĩ Đại Trường Tồn,"Jim Collins , Bill Lazier",NaN,Nxb Trẻ,NXB Trẻ,8934974175216,NaN,900.00 gam,Tiếng Việt,Bìa mềm,20.5 x 14.5 x 2 cm,2022,558
16,Giấc Mơ Chín Tầng Mây,Kim Man Jung,NaN,Nxb Trẻ,NXB Trẻ,8934974175308,NaN,450.00 gam,Tiếng Việt,Bìa mềm,20.5 x 13 x 1 cm,2022,272
17,Chờ Em Đến San Francisco (Tái Bản 2022),Dương Thụy,NaN,Nxb Trẻ,NXB Trẻ,8934974175407,NaN,450.00 gam,Tiếng Việt,Bìa mềm,20 x 13 x 0.5 cm,2022,284
18,"Wabi Sabi - Chấp Nhận Những Khiếm Khuyết, Sống Cuộc Đời An Nhiên",Trịnh Dung,NaN,Nxb văn học,AZ books,9786043237375,NaN,350.00 gam,Tiếng Việt,Bìa mềm,19 x 13 cm,2021,160
19,Bộ Sách Thông Minh - Giúp Việc Học Chữ Và Số Trở Nên Vui Nhộn - Tập 1,Việt An,NaN,NXB Phụ Nữ,123Vietnamese,9786045697566,NaN,200.00 gam,Tiếng Việt,Bìa mềm,18 x 18 x 0.3 cm,2021,50
20,Thiên Quan Tứ Phúc - Tập 4,Mặc Hương Đồng Khứu,NaN,Nxb Hà Nội,ZGroup,8936117743399,NaN,650.00 gam,Tiếng Việt,Bìa mềm,20.5 x 14 x 2 cm,2021,416
21,Freelancer Muốn Tự Do Phải Tự Lo,Anh Tuan Le,NaN,Nxb Hà Nội,Skybooks,8935325000515,NaN,350.00 gam,Tiếng Việt,Bìa mềm,20 x 13 cm,2021,224
22,Kỷ Luật Tự Giác,Tiểu Dã,NaN,Nxb Thế giới,Skybooks,8936186547614,NaN,350.00 gam,Tiếng Việt,Bìa mềm,20 x 13 cm,2020,216
23,Mind Map English Vocabulary - Từ Vựng Tiếng Anh Qua Sơ Đồ Tư Duy,"Hoàng Ngân , Linh Chi",NaN,NXB Hồng Đức,Mcbooks,8935246927434,NaN,500.00 gam,Tiếng Việt,Bìa mềm,24 x 17 cm,2021,258
24,"Muốn Ít Đi, Hạnh Phúc Nhiều Hơn: Bắt Đầu Từ Chính Căn Nhà Của Bạn",Michelle,NaN,Nxb Thế giới,Bloom Books,9786047735013,NaN,350.00 gam,Tiếng Việt,Bìa mềm,14.5 x 20 cm,2017,128
25,Combo Doraemon - Truyện Dài (Trọn Bộ 24 Cuốn) - Tái Bản,FUJIKO F. FUJIO,NaN,NXB Kim Đồng,NXB Kim Đồng,1130000094901,NaN,2500.00 gam,Tiếng Việt,Bìa mềm,14.5 x 20.5 cm,2019,NaN
26,Quân Tử Hoa - Nghệ Thuật Vẽ Màu Nước Cổ Trang,Nhật Xuất Tiểu Thái Dương,NaN,NXB Kim Đồng,NXB Kim Đồng,8935244839425,NaN,400.00 gam,Tiếng Việt,Bìa mềm,19 x 26 cm,2019,192
27,D. Trump - Nghệ Thuật Đàm Phán (Tái Bản 2020),"Donald J Trump , Tony Schartz",NaN,Nxb Trẻ,NXB Trẻ,8934974165705,NaN,450.00 gam,Tiếng Việt,Bìa mềm,20 x 14 cm,2020,328
28,Tiệm Sách Cơn Mưa (Tái Bản),Reiko Hinata,Nguyễn Đỗ An Nhiên,NXB Phụ Nữ,Quảng Văn,8936056797385,NaN,400.00 gam,Tiếng Việt,Bìa mềm,18 x 13 x 0.4 cm,2021,170
29,Đóa Hoa Đông Thoại - Giải Thưởng Sáng Tác Truyện Đồng Thoại Eneos & Mogu Lần Thứ 3,Nhiều tác giả,NaN,NXB Kim Đồng,More Production Vietnam,9786042191364,NaN,250.00 gam,Tiếng Việt,Bìa mềm,21 x 26 cm,2021,72
0,"Ehon - Mọt Sách Mogu - Đợi Với, Taxi Ơi!!!",Toshio Nishimura,NaN,NXB Kim Đồng,More Production Vietnam,9786042227445,NaN,200.00 gam,Tiếng Việt,Bìa mềm,21 x 20 cm,2021,28
1,Ehon - Mọt Sách Mogu - Bạn Đi Đâu Đấy,Machiko Yagyu,NaN,NXB Kim Đồng,More Production Vietnam,9786042227452,NaN,200.00 gam,Tiếng Việt,Bìa mềm,NaN,2021,28
2,Tranh Truyện Ehon Nhật Bản - Phép Thuật Của Bồ Công Anh,Sachiko Komoto,NaN,NXB Kim Đồng,More Production Vietnam,9786042224826,NaN,150.00 gam,Tiếng Việt,Bìa mềm,26 x 19 cm,2021,32
3,Nuôi Con Không Phải Là Cuộc Chiến 2 - E.A.S.Y - Nếp Sinh Hoạt Cho Bé Yêu (Tái Bản 2021),"Hachun Lyonnet , Hương Đỗ",NaN,Nxb Lao động,Thái Hà,8935280908840,NaN,450.00 gam,Tiếng Việt,Bìa mềm,24 x 15.5 cm,2021,258
4,15 Nguyên Tắc Vàng Về Phát Triển Bản Thân (Tái Bản 2021),John C Maxwell,NaN,Nxb Thế giới,Alpha books,8935251417562,NaN,550.00 gam,Tiếng Việt,Bìa mềm,20.5 x 13 cm,2021,444
5,Ehon - Mọt Sách Mogu - Đố Biết Ai Đây? (Tái Bản),Tatsuhide Matsuoka,NaN,NXB Kim Đồng,More Production Vietnam,9786042224857,NaN,200.00 gam,Tiếng Việt,Bìa mềm,20 x 20 cm,12/2021,24
6,Ehon - Mọt Sách Mogu - Hòa Bình Là Gì?,Keiko Hamada,NaN,NXB Kim Đồng,More Production Vietnam,9786042222235,NaN,200.00 gam,Tiếng Việt,Bìa mềm,21 x 20 x 0.3 cm,01/2021,36
7,Ehon - Tu Tu Xìch Xịch,Mizumaru Anzai,NaN,NXB Kim Đồng,More Production Vietnam,9786042222198,NaN,200.00 gam,Tiếng Việt,Bìa mềm,20 x 20 cm,2022,20
8,Ra Bờ Suối Ngắm Hoa Kèn Hồng - Bìa Cứng,Nguyễn Nhật Ánh,NaN,Nxb Trẻ,NXB Trẻ,8934974176008,NaN,650.00 gam,Tiếng Việt,Bìa cứng,20 x 13 cm,01/2022,336
9,Những Cánh Hoa Bay Về Trời,NaN,NaN,BachvietBooks,BachvietBooks,9786045989272,NaN,NaN,Tiếng Việt,Bìa mềm,20 x 12 cm,,216
10,Kể Chuyện Văn Hoá Việt - Người Xưa Đã Mặc Như Thế Nào,"Miên Thảo , Rin Vũ",NaN,Nxb Lao động,Thái Hà,8935280910119,NaN,250.00 gam,Tiếng Việt,Bìa mềm,20.5 x 14 x 0.5 cm,01/2022,96
11,Toạ Thiền Trên Ghế - Để Tận Hưởng Cuộc Sống Thư Thái,Shunmyo Masuno,Hương Linh,Nxb Hà Nội,Thái Hà,8935280910058,NaN,450.00 gam,Tiếng Việt,Bìa mềm,20.5 x 13 x 0.5 cm,2022,152
12,Tiếng Hàn Tổng Hợp Dành Cho Người Việt Nam - Sơ Cấp 2 - Bản Đen Trắng,Nhiều tác giả,NaN,Nxb Đại học Quốc gia Hà Nội,Mcbooks,8935246928042,NaN,450.00 gam,Tiếng Việt,Bìa mềm,19 x 27 cm,,363
13,Tiếng Hàn Tổng Hợp Dành Cho Người Việt Nam - Trung Cấp 3 - Bản Đen Trắng,Nhiều tác giả,NaN,Nxb Đại học Quốc gia Hà Nội,Mcbooks,8935246929834,NaN,450.00 gam,Tiếng Việt,Bìa mềm,19 x 27 cm,2020,NaN
14,Tiếng Hàn Tổng Hợp Dành Cho Người Việt Nam - Cao Cấp 5 - Bản Đen Trắng,Cho Hang Rok,NaN,Nxb Đại học Quốc gia Hà Nội,Mcbooks,8935246929896,NaN,450.00 gam,Tiếng Việt,Bìa mềm,27 x 19 x 2 cm,2020,352
15,Tiếng Hàn Tổng Hợp Dành Cho Người Việt Nam - Sách Bài Tập Cao Cấp 6,Cho Hang Rok,NaN,Nxb Đại học Quốc gia Hà Nội,Mcbooks,8935246929940,NaN,450.00 gam,Tiếng Việt,Bìa mềm,27 x 19 x 1 cm,2020,NaN
16,Cambridge Ielts 15 General Training With Answers,Cambridge University,NaN,Cambridge University Press,SAVINA,9781108991537,NaN,550.00 gam,"Tiếng Anh, Tiếng Việt",Bìa mềm,24 x 18.5 cm,2020,NaN
17,Cambridge IELTS 10 With Answers,Cambridge University,NaN,Cambridge University Press,SAVINA,9781316602188,NaN,550.00 gam,"Tiếng Anh, Tiếng Việt",Bìa mềm,28 x 20 cm,,179
18,Cambridge Ielts 11 Academic With Answers,Cambridge University,NaN,Cambridge University Press,SAVINA,9781108413879,NaN,550.00 gam,"Tiếng Anh, Tiếng Việt",Bìa mềm,19 x 24 cm,,144
19,Cambridge IELTS 5 With Answers,NaN,NaN,NaN,SAVINA,9780521711807,NaN,650.00 gam,"Tiếng Anh, Tiếng Việt",Bìa mềm,19 x 24 cm,2020,NaN
20,"Này, Chớ Táy Máy Liếm Sách!",Idan Ben-Barak,NaN,Nxb Hà Nội,Crabit Kidbooks,9786045551875,NaN,500.00 gam,Tiếng Việt,Bìa cứng,25 x 25 cm,2020,48
21,Order Một Tình Yêu Cao Cấp (Bộ 2 Tập),Ngải Tiểu Đồ,Nguyễn Thanh An,Nxb văn học,Đinh Tị,8935212353359,NaN,1300.00 gam,Tiếng Việt,Bìa mềm,20.5 x 14.5 cm,2020,NaN
22,Đứa Con Gái Hoang Đàng - The Prodigal Daughter,Jeffrey Archer,NaN,Nxb Lao động,BachvietBooks,9786043209679,NaN,1200.00 gam,Tiếng Việt,Bìa mềm,20.5 x 13.5 cm,2021,836
23,Hung Khí Hoàn Mỹ,Higashino Keigo,Vũ Bích Lệ Thủy,Nxb Hà Nội,Nhã Nam,8935235230620,NaN,570.00 gam,Tiếng Việt,Bìa mềm,20.5 x 14 x 1.7 cm,2021,336
24,4MK,J D Barker,Quách Cẩm Phương,Nxb văn học,Đinh Tị,8935212344135,NaN,720.00 gam,Tiếng Việt,Bìa mềm,16 x 24 cm,2019,504
25,Sức Mạnh Của Ngôn Từ (Tái Bản 2019),Don Gabor,NaN,Nxb Tổng hợp TP.HCM,Trí Việt,8935086848449,NaN,520.00 gam,Tiếng Việt,Bìa mềm,14.5 x 20.5 cm,2019,312
26,999 Lá Thư Gửi Cho Chính Mình - Phiên Bản Sổ Tay - Tập 5,Miêu Công Tử,Quỳnh Nhi,NXB Thanh Niên,AZ books,9786043345926,NaN,350.00 gam,Tiếng Việt,Bìa mềm,13 x 10.5 cm,01/2022,160
27,Leo Ra Khỏi Hang Thỏ - Hopping Over The Rabbit Hole,Anthony Scaramucci,NaN,Nxb Thế giới,Saigon Books,8935278601128,NaN,250.00 gam,Tiếng Việt,Bìa mềm,20.5 x 14 cm,2021,292
28,Những Câu Chuyện Sưởi Ấm Tâm Hồn: Chuyện Thường Ở Lớp,"Trương Chi Lộ , Ngô Nhã Đế",NaN,NXB Kim Đồng,NXB Kim Đồng,8935244861969,NaN,350.00 gam,Tiếng Việt,Bìa mềm,20.5 x 16.5 cm,12/2021,120
29,Bảy Thanh Hung Giản 2 - Hổ Phách Đỏ Son - Gió Cuốn Cát Bụi,Vĩ Ngư,Hàn Vũ Phi,Nxb Hà Nội,Nhã Nam,8935235232082,NaN,850.00 gam,Tiếng Việt,Bìa mềm,20.5 x 14 cm,12/2021,550
0,Những Câu Chuyện Sưởi Ấm Tâm Hồn: Nỗi Oan Của Đậu,Ân Kiện Linh,Hồng Thơm,NXB Kim Đồng,NXB Kim Đồng,8935244812534,NaN,350.00 gam,Tiếng Việt,Bìa mềm,16.5 x 20.5 cm,2019,120
1,450 Trò Chơi Vận Động Cho Trẻ Mầm Non,Akira Maehashi,NaN,NXB Phụ Nữ,Quảng Văn,8936056797309,NaN,800.00 gam,Tiếng Việt,Bìa mềm,25.7 x 21 cm,12/2021,272
2,Ehon - Cuốn Sách Tranh Đầu Tiên Về Bầu Trời Sao,"Tezuka Akemi , Murata Hiroko",Nhóm SakuraKids,NXB Phụ Nữ,Quảng Văn,8936056797569,NaN,400.00 gam,Tiếng Việt,Bìa mềm,27.7 x 20.5 cm,12/2021,52
3,Bí Mật Trong Đêm Bão,Lucy Foley,NaN,NXB Thanh Niên,1980Books,8936066692915,NaN,700.00 gam,NaN,Bìa mềm,20.5 x 14 cm,01/2022,468
4,Vận Mệnh Người Lính Tốt Švejk Trong Đại Chiến Thế Giới - Tập III-IV,Jaroslav Hašek,NaN,NXB Phụ Nữ,NXB Phụ Nữ,8935069910149,NaN,900.00 gam,Tiếng Việt,Bìa mềm,24 x 16 cm,01/2022,460
5,Phi Lý Trí (Tái Bản),Dan Ariely,NaN,Nxb Lao động,Alpha books,8935251417791,NaN,550.00 gam,Tiếng Việt,Bìa mềm,20.5 x 13 cm,12/2021,404
6,Copywriter - 5 Bước Sản Xuất Content Chuẩn SEO,Ryan Wakeman,Đỗ Hoàng Lan,NXB Công Thương,1980Books,8936066692748,NaN,500.00 gam,Tiếng Việt,Bìa mềm,20 x 13 cm,12/2021,268
7,Những Người Đàn Ông Không Có Đàn Bà (Tái Bản 2021),Haruki Murakami,Trương Thùy Lan,Nxb Hội Nhà Văn,Nhã Nam,8935235230347,NaN,488.00 gam,Tiếng Việt,Bìa mềm,20.5 x 14 x 1.3 cm,2021,252
8,The Mastery Of Self - Hành Trình Thấu Hiểu Bản Thân Và Tìm Thấy Tự Do,Don Miguel Ruiz Jr,NaN,NaN,NaN,8935278606444,NaN,400.00 gam,Tiếng Việt,Bìa mềm,24 x 16 cm,12/2021,314
9,Nhật Ký Trong Tù (Tái Bản 2021),Hồ Chí Minh,NaN,NaN,NaN,8935095632053,NaN,500.00 gam,Tiếng Việt,Bìa mềm,20.5 x 13.5 cm,2021,175
10,Đôi Giày Ba-Lê,Noel Streatfeild,Hàn Băng Vũ,NaN,NaN,8935210289681,NaN,NaN,Tiếng Việt,Bìa mềm,20.5 x 14 cm,11/2021,310
11,45 Ngày Tổng Hợp Kiến Thức Ngữ Pháp N2 - Giải Pháp Cho Kỳ Thi Năng Lực Tiếng Nhật,Endo Yuko,NaN,NaN,NaN,8935246932056,NaN,500.00 gam,Tiếng Việt,Bìa mềm,24 x 17 cm,11/2021,296
12,The Knowledge - Tương Lai Bố Tướng (Tái Bản 2021),Dr Mike Goldsmith,NaN,Nxb Trẻ,NXB Trẻ,8934974173977,NaN,400.00 gam,Tiếng Việt,Bìa mềm,20 x 14 cm,2021,142
13,Tạp Chí Pi: Tập 5 - Số 11 (Tháng 11/2021),NaN,NaN,NaN,Tạp chí Pi,8938514372530,NaN,300.00 gam,Tiếng Việt,Bìa mềm,19 x 27 cm,11/2021,62
14,Steam English Chủ Đề Toán Học,Dori Roberts Stewart,NaN,NXB Dân Trí,1980Books,8936066691390,NaN,300.00 gam,Tiếng Việt,Bìa mềm,15 x 15 cm,2021,56
15,Ăn Dặm Kiểu Nhật (Tái Bản 2021),Tsutsumi Chiharu,Nguyễn Thị Hoa,Nxb Lao động,Thái Hà,8935280909434,NaN,350.00 gam,Tiếng Việt,Bìa mềm,21 x 23.5 cm,2021,176
16,Đại Dương Đen,Đặng Hoàng Giang,NaN,Nxb Hội Nhà Văn,Nhã Nam,8935235231597,NaN,450.00 gam,Tiếng Việt,Bìa mềm,14 x 20.5 cm,11/2021,322
17,Sống Hạnh Phúc Với 7 Thói Quen Tiền Bạc - Ngừng So Bì Để Yêu Đời Hơn,Rachel Cruze,Trần Ngọc Dũng,NXB Phụ Nữ,NXB Phụ Nữ,9786043294750,NaN,503.00 gam,Tiếng Việt,Bìa mềm,23 x 15 x 1.5 cm,2021,305
18,5 Ngôn Ngữ Yêu Thương Dành Cho Trẻ Em,"Gary Chapman , Ross Campbell",NaN,Nxb Tổng hợp TP.HCM,Trí Việt,8935086854815,NaN,450.00 gam,Tiếng Việt,Bìa mềm,13 x 20.5 cm,2021,128
19,Thức Tỉnh Mục Đích Sống (Tái Bản 2021),Eckhart Tolle,"Đỗ Tâm Tuy , Diện Mục Nguyễn Văn Hạnh",Nxb Tổng hợp TP.HCM,Trí Việt,8935086854716,NaN,550.00 gam,Tiếng Việt,Bìa mềm,14.5 x 20.5 cm,2011,440
20,Bách Khoa Tri Thức - Bằng Hình Cho Trẻ Em - Thế Giới Khủng Long,Louis Phùng,NaN,NXB Phụ Nữ,Việt Thư,9786045696156,NaN,350.00 gam,Tiếng Việt,Bìa mềm,20 x 29 cm,2021,69
21,"Đồng Dao Cho Bé: Thế Giới Quanh Ta Và Cuộc Sống - Động Vật, Thực Vật Quanh Bé",Nhã Uyên,NaN,NXB Phụ Nữ,Việt Thư,9786043293203,NaN,450.00 gam,Tiếng Việt,Bìa mềm,27 x 19 cm,2021,128
22,Nâng Cao Hệ Miễn Dịch,Thùy Hương,NaN,NXB Phụ Nữ,Việt Thư,9786043291674,NaN,277.00 gam,Tiếng Việt,Bìa mềm,20.5 x 14.5 x 1 cm,11/2021,142
23,Siêu Trí Tuệ - Tìm Sự Khác Biệt Và Bất Hợp Lý,Lê Quang,NaN,NXB Phụ Nữ,Việt Thư,9786043292985,NaN,256.00 gam,Tiếng Việt,Bìa mềm,20.5 x 13 x 1 cm,2021,134
24,Tình Yêu Và Thù Hận,Bà Tùng Long,NaN,Nxb Trẻ,NXB Trẻ,8934974174400,NaN,400.00 gam,Tiếng Việt,Bìa mềm,20 x 13 cm,11/2021,296
25,Bộ Sách Thành Công Bằng Sự Tử Tế (Bộ 4 Cuốn),Inamori Kazuo,NaN,Nxb Trẻ,NXB Trẻ,8934974174639,NaN,1100.00 gam,Tiếng Việt,Bìa mềm,20.5 x 13 cm,11/2021,NaN
26,120 Ngày Mây Thì Thầm Với Gió: Ghi Chép Từ Cuộc Chiến Sống Còn Xua Đuổi Cô Vy,Nuage Rose,NaN,Nxb Trẻ,NXB Trẻ,8934974174554,NaN,450.00 gam,Tiếng Việt,Bìa mềm,20 x 13 cm,2021,320
27,"Phụ Nữ Thành Công Dám Có Tất Cả - Darling, You Can't Do Both","Janet Kestin , Nancy Vonk",Hồng Quyên,Nxb Trẻ,NXB Trẻ,8934974174226,NaN,450.00 gam,Tiếng Việt,Bìa mềm,20 x 14 cm,11/2021,360
28,Để Sự Tự Tin Là Bất Khả Chiến Bại,Yosuke Shionagi,Nguyễn Thu Thảo,NXB Thanh Niên,AZ books,8935325050497,NaN,300.00 gam,Tiếng Việt,Bìa mềm,19 x 13 cm,11/2021,184
29,Ngỡ Như Lương Thiện Hóa Ra Mềm Yếu,Hoàng Ngọc Linh,NaN,NXB Thanh Niên,AZ books,9786043410488,NaN,400.00 gam,Tiếng Việt,Bìa mềm,20.5 x 14.5 cm,11/2021,280
0,Bí Mật Sức Mạnh Tiềm Thức,Dr Joseph Murphy,Dương Bùi,Nxb Lao động,1980Books,8936066692724,NaN,300.00 gam,Tiếng Việt,Bìa mềm,19 x 13 cm,12/2021,160
1,Tipiti Chim Cổ Đỏ,Rene Guillot,Vương Kiều,NXB Kim Đồng,NXB Kim Đồng,8935244856958,NaN,300.00 gam,Tiếng Việt,Bìa mềm,20.5 x 13.5 cm,16/11/2021,183
2,Đừng Ném Giấc Mơ Của Mình Vào Thùng Rác,Paul McGee,Trịnh Dung,Nxb Thế giới,AZ books,9786043450170,NaN,400.00 gam,Tiếng Việt,Bìa mềm,20 x 14.5 cm,16/11/2021,273
3,Tạp Chí Pi: Tập 5 - Số 9 (Tháng 9/2021),Nhiều tác giả,NaN,NaN,Tạp chí Pi,8938514372516,NaN,250.00 gam,Tiếng Việt,Bìa mềm,19 x 27 cm,11/2021,65
4,Tôi Vẫn Sống - I Am Still Alive,Kate Alice Marshall,Hà Hoài Thu,Nxb Trẻ,NXB Trẻ,8934974174912,NaN,520.00 gam,"Tiếng Việt, Tiếng Nhật",Bìa mềm,20 x 13 cm,11/2021,400
5,Bộ Sách Lối Sống Tối Giản Của Người Nhật + Đến Nhật Bản Học Về Cuộc Đời (Tái Bản) - Bộ 2 Cuốn,"Sasaki Fumio , Lê Nguyễn Nhật Linh",NaN,Cty PHS TP.HCM- Fahasa,NXB Trẻ,1130000094519,NaN,520.00 gam,Tiếng Việt,Bìa mềm,20.5 x 13 cm,11/2021,414
6,Tôi Đã Kiếm 1 Triệu Đô Đầu Tiên Trên Internet Như Thế Nào Và Bạn Cũng Có Thể Làm Như Thế (Tái Bản 2021),Ewen Chia,NaN,NXB Công Thương,Alpha books,8935251417647,NaN,588.00 gam,Tiếng Việt,Bìa mềm,20.5 x 13 cm,11/2021,488
7,"Cửa Hàng Thịnh Vượng - 3 Món Nhỏ, Lời Lãi To",Takashi Uno,Kam Tròn,NXB Dân Trí,BachvietBooks,9786043314458,NaN,400.00 gam,Tiếng Việt,Bìa mềm,20 x 13.5 cm,10/2020,260
8,"Dốc Toàn Lực Tiến Lên Trước Đã, Chớ Nói Bản Thân Không Có Cơ Hội",Tiệm Tạp Hóa Của Lão Hàn,Thủy An,Nxb văn học,Minh Long,8936067604399,NaN,500.00 gam,Tiếng Việt,Bìa mềm,20.5 x 15 cm,09/11/2021,336
9,Chiêm Tinh Học Ứng Dụng,Jake Register,Huy Nguyễn,NXB Thanh Niên,1980Books,8936066692663,NaN,520.00 gam,Tiếng Việt,Bìa mềm,20.5 x 15 cm,09/11/2021,NaN
10,Trang Tử Tinh Hoa (Tái Bản 2021),Thu Giang Nguyễn Duy Cần,NaN,Nxb Trẻ,NXB Trẻ,8934974171652,NaN,320.00 gam,Tiếng Việt,Bìa mềm,19 x 13 cm,10/2021,212
11,Kĩ Năng Vàng Cho Học Sinh Trung Học - Học Cách Hoàn Thiện Bản Thân (Tái Bản 2021),"Liu Yong , Thanh Uyên",NaN,NXB Kim Đồng,NXB Kim Đồng,8935244826647,NaN,280.00 gam,Tiếng Việt,Bìa mềm,20.5 x 14.5 cm,31/10/2021,164
12,Busy Machines - Digger: Những Cỗ Máy Năng Nổ - Máy Đào Đất (Song Ngữ Anh - Việt),"Amy Johnson , Kirsten Collier",NaN,Nxb Mỹ thuật,Huy Hoàng,8935095631469,NaN,100.00 gam,Tiếng Việt,Bìa mềm,25 x 25 cm,25/10/2021,24
13,Busy Machines - Rescue: Những Cỗ Máy Năng Nổ - Xe Cứu Hộ (Song Ngữ Anh - Việt),"Amy Johnson , Steven Wood",Steven Wood,Nxb Mỹ thuật,Huy Hoàng,8935095631506,NaN,100.00 gam,Tiếng Việt,Bìa mềm,25 x 25 cm,25/10/2021,24
14,Kỹ Năng Phiên Dịch,Komatsu Tatsuya,Trần Thị Mỹ,NXB Thanh Niên,Huy Hoàng,8935095631735,NaN,500.00 gam,Tiếng Việt,Bìa mềm,18.5 x 13 cm,25/10/2021,352
15,Qua Khỏi Dốc Là Nhà (Tái Bản 2021),Phan Thúy Hà,NaN,NXB Kim Đồng,NXB Kim Đồng,8935244861655,NaN,400.00 gam,Tiếng Việt,Bìa mềm,19 x 13 cm,28/10/2021,272
16,Câu Chuyện Ngôn Ngữ,David Crystal,Phạm Minh Điệp,Nxb Thế giới,Nhã Nam,8935235231443,NaN,600.00 gam,Tiếng Việt,Bìa mềm,24 x 15.5 cm,28/10/2021,336
17,Hài Hước Một Chút Thế Giới Sẽ Khác Đi (Tái Bản 2021),Lưu Chấn Hồng,Tuệ Văn,NXB Thanh Niên,Minh Long,8936067604276,NaN,330.00 gam,Tiếng Việt,Bìa mềm,20.5 x 14.5 cm,28/10/2021,228
18,Giao Tiếp Chuyên Nghiệp Để Bán Hàng Thành Công (Tái Bản 2021),Mạc Hạo Kiệt,Thu Trần,NXB Thanh Niên,Minh Long,8936067604207,NaN,520.00 gam,Tiếng Việt,Bìa mềm,23 x 16 cm,28/10/2021,292
19,Chuyện Con Chó Tên Là Trung Thành (Tái Bản 2021),Luis Sepúlveda,Hoàng Nhụy,Nxb Hội Nhà Văn,Nhã Nam,8935235231993,NaN,240.00 gam,Tiếng Việt,Bìa mềm,20.5 x 14 cm,20/10/2021,95
20,Truyền Sao Cho Thông,Andrew Macarthy,Ngọc Nguyễn,NXB Phụ Nữ,AZ books,9786043297218,NaN,520.00 gam,Tiếng Việt,Bìa mềm,24 x 15.7 cm,27/10/2021,400
21,Eat Clean - Thực Đơn 14 Ngày Thanh Lọc Cơ Thể Và Giảm Cân (Tái Bản 2021),"Health Coach Quỳnh Nga , Deto Concept",NaN,Nxb Thế giới,AZ books,8935325010101,NaN,300.00 gam,Tiếng Việt,Bìa mềm,24 x 16 cm,22/10/2021,160
22,Thỏ Peter - Chuyện Bây Giờ Mới Kể: Cuộc Giải Cứu Ngày Giáng Sinh (Tái Bản 2021),"Emma Thompson , Eleanor Taylor",Nhã Uyên,NXB Kim Đồng,NXB Kim Đồng,8935244860672,NaN,250.00 gam,Tiếng Việt,Bìa mềm,26 x 19 cm,22/10/2021,64
23,Học Viện 4 Mùa Suikousha,Akira Ishino,Trần Phương Hằng,Nxb văn học,Huy Hoàng,8935095631971,NaN,400.00 gam,Tiếng Việt,Bìa mềm,20.5 x 13.5 cm,22/10/2021,412
24,Yêu Thương Cho Con: Ba Yêu Con,"Petra Brown , Helen Foster James","Mỹ Anh , Thái Khôi",NXB Kim Đồng,NXB Kim Đồng,8935244860504,NaN,150.00 gam,Tiếng Việt,Bìa mềm,20.5 x 20.5 cm,20/10/2021,28
25,Sống Sót Sau Những Cú Shock Kinh Doanh - Tập 2,Kazuhiro Hasegawa,Nhóm Nomudas,NXB Phụ Nữ,NXB Phụ Nữ,9786043295320,NaN,350.00 gam,Tiếng Việt,Bìa mềm,20.5 x 13.5 cm,28/10/2021,232
26,"Phát Triển Tư Duy - Kĩ Năng Cho Bé: Kĩ Năng Hòa Nhập - Nhím Con Ơi, Mình Cùng Chơi","Kazuhiro Hasegawa , Jo Jin Seok",Dương Thanh Hoài,NXB Phụ Nữ,NXB Phụ Nữ,9786045698617,NaN,150.00 gam,Tiếng Việt,Bìa mềm,18 x 17.2 cm,20/10/2021,24
27,Phát Triển Tư Duy - Kĩ Năng Cho Bé: Kĩ Năng Làm Việc Nhóm - Rau Củ Tươi Và Đĩa Mặt Cười,"Kazuhiro Hasegawa , Jo Jin Seok",Dương Thanh Hoài,NXB Phụ Nữ,NXB Phụ Nữ,9786045698587,NaN,150.00 gam,Tiếng Việt,Bìa mềm,18 x 17.2 cm,28/10/2021,24
28,Chuyển Đổi Số: 6 Câu Hỏi Giúp Bạn Xây Dựng Doanh Nghiệp Thế Hệ Mới - What's Your Digital Business Model?: 6 Questions To Help You Build The Next-Generation Enterprise,Stephanie L Woerner,Hà Kim Ngân,Nxb Trẻ,NXB Trẻ,1130000094386,NaN,450.00 gam,Tiếng Việt,Bìa mềm,20.5 x 13 cm,20/10/2021,328
29,Thông Điệp Của Nước (Tái bản 2021),"Thanh Huyền , Masaru Emoto",NaN,Nxb Lao động,Thái Hà,8935280906020,NaN,250.00 gam,NaN,NaN,NaN,,NaN
0,Bộ Sách Kỹ Năng Sống (Bộ 6 Cuốn),"Sama El Batrawy, Catherine R Jones, Celia Jenkins, Manal Elsehrawi",1980 Edu,NXB Dân Trí,1980Books,8936066691888,NaN,1000.00 gam,Tiếng Việt,Bìa mềm,24 x 17 cm,14/10/2021,NaN
1,Án Mạng Trên Sông Nile (Tái Bản 2021),Agatha Christie,Lan Phương,Nxb Trẻ,NXB Trẻ,8934974173786,NaN,450.00 gam,Tiếng Việt,Bìa mềm,20 x 13 cm,02/08/2021,336
2,Bóng Trăng Trắng Ngà,Thục Linh,NaN,NXB Phụ Nữ,Skybooks,9786043295146,NaN,450.00 gam,Tiếng Việt,Bìa mềm,20.5 x 14.5 cm,02/08/2021,312
3,Sức Mạnh Niềm Tin (Tái Bản 2019),Claude M Bristol,NaN,Nxb Tổng hợp TP.HCM,Trí Việt,8935086847749,NaN,350.00 gam,Tiếng Việt,Bìa mềm,14.5 x 20.5 cm,07/2019,232
4,Bộ Sách Tip Công Sở 1 (Bộ 5 Cuốn),Instant Research Institute,NaN,NXB Thanh Niên,Minh Long,1130000094348,NaN,1600.00 gam,Tiếng Việt,Bìa mềm,20.5 x 14.5 cm,16/07/2021,NaN
5,Nghệ Thuật Kiêng Khen Tin Tức - Bí Kíp Sinh Tồn Thời Kỹ Thuật Số,Rolf Dobelli,Phạm Hiền Lê,Nxb Hà Nội,Nhã Nam,8935235231061,NaN,400.00 gam,Tiếng Việt,Bìa mềm,20.5 x 14 cm,16/07/2021,256
6,Di Sản Hồ Chí Minh - Bác Hồ Với Mặt Trận Việt Minh,"Hà Minh Hồng , Trần Thuận , Lưu Văn Quyết",NaN,Nxb Trẻ,NXB Trẻ,8934974173564,NaN,200.00 gam,Tiếng Việt,Bìa mềm,23 x 15.5 cm,14/07/2021,100
7,Kẻ Săn Chuột - Văn Học Tuổi 20,Phã Nguyện,NaN,Nxb Trẻ,NXB Trẻ,8934974173618,NaN,330.00 gam,Tiếng Việt,Bìa mềm,20 x 13 cm,14/07/2021,220
8,Ngọn Đèn Không Tắt (Tái Bản 2021),Nguyễn Ngọc Tư,NaN,Nxb Trẻ,NXB Trẻ,8934974170952,NaN,200.00 gam,Tiếng Việt,Bìa mềm,20 x 13 cm,14/07/2021,76
9,Horrible Science - Thú Dữ (Tái Bản 2021),Nick Arnold,Trịnh Huy Triều,Nxb Trẻ,NXB Trẻ,8934974173670,NaN,250.00 gam,Tiếng Việt,Bìa mềm,20 x 14 x 0.5 cm,14/07/2021,127
10,Lũ Người Quỷ Ám,Fyodor Dostoyevsky,Nguyễn Ngọc Minh,Nxb Hà Nội,Nhã Nam,8935235229778,NaN,900.00 gam,Tiếng Việt,Bìa cứng,25 x 17 cm,14/07/2021,662
11,Bách Khoa Thư Larousse - Thể Thao,"Géraldine Maincent , Alexandre Arlène","An Vy , Tường Ngân",Nxb Thế giới,Nhã Nam,8935235230514,NaN,250.00 gam,Tiếng Việt,Bìa cứng,34 x 20 cm,13/07/2021,98
12,Đồng Dao Cho Bé: Chi Chi Chành Chành - Trò Chơi Dân Dã (Tái Bản 2021),"Hiếu Minh , Vườn Illustration",NaN,NXB Kim Đồng,NXB Kim Đồng,8935244858938,NaN,100.00 gam,Tiếng Việt,Bìa mềm,24 x 16.5 cm,13/07/2021,32
13,Đường Về Tỉnh Thức - What Is Mindfulness?,Tamara Russell,"Nguyễn Duy Khiêm , Thuần Hóa",NXB Dân Trí,Trí Việt,8935086854440,NaN,315.00 gam,Tiếng Việt,Bìa mềm,16.5 x 11.5 x 1 cm,13/07/2021,213
14,Thuật Đọc Tâm (Tái Bản 2021),"Don Richard Riso , Russ Hudson",Hà An,NXB Hồng Đức,Alpha books,8935251417265,NaN,652.00 gam,Tiếng Việt,Bìa mềm,24 x 16 cm,13/07/2021,552
15,Đầu Tư Bất Động Sản (Tái Bản 2021),David Lindahl,Trần Thăng Long,Nxb Lao động,Alpha books,8935251417302,NaN,500.00 gam,Tiếng Việt,Bìa mềm,20.5 x 13 cm,13/07/2021,392
16,Cuộc Phiêu Lưu Của Mũi Tên Xanh (Tái Bản 2021),"Gianni Rodari , Bích Khoa",Hoàng Hải,NXB Kim Đồng,NXB Kim Đồng,8935244857238,NaN,350.00 gam,Tiếng Việt,Bìa mềm,20.5 x 14.5 cm,12/07/2021,228
17,Vượt Lười - Liệu Trình Cho Người Thiếu Động Lực,Andrii Sedniev,Thảo Quyên,NXB Dân Trí,AZ books,1130000094280,NaN,250.00 gam,Tiếng Việt,Bìa mềm,17 x 13 cm,12/07/2021,130
18,Chuyện Xảy Đến Trong Đêm,Marc Levy,Thiên Bình,Nxb Hội Nhà Văn,Nhã Nam,8935235230842,NaN,450.00 gam,Tiếng Việt,Bìa mềm,20.5 x 14 cm,12/07/2021,350
19,"Trọn Vẹn, Cảm Nhận, Yêu Thương (Tái Bản 2021)",Thầy Pháp Nhật,NaN,Nxb Lao động,ChiBooks,8938538123156,NaN,220.00 gam,Tiếng Việt,Bìa mềm,20.5 x 14.5 cm,12/07/2021,120
20,Tiếp Thị & Gia Đình - Số 06 (Ngày 15/06/2021),NaN,NaN,NaN,Hoa Mặt trời,8935119600013,NaN,250.00 gam,Tiếng Việt,Bìa mềm,23 x 29 cm,15/06/2021,62
21,Bí Quyết Pha Chế Sinh Tố & Nước Ép Trái Cây (Tái Bản),First News,NaN,Nxb Tổng hợp TP.HCM,Trí Việt,8935086850459,NaN,250.00 gam,Tiếng Việt,Bìa mềm,19 x 26 cm,02/07/2021,128
22,Giáo Dục An Toàn Giao Thông - Dành Cho Trẻ 3-4 Tuổi: Siêu Nhân Xe Bốn Bánh,Nhiều tác giả,NaN,NXB Thanh Niên,Phúc Minh,9786043269208,NaN,100.00 gam,Tiếng Việt,Bìa mềm,24 x 17 cm,08/07/2021,16
23,Giáo Dục An Toàn Giao Thông - Dành Cho Trẻ 4-5 Tuổi: Ai Biết Nhiều Xe Hơn?,Nhiều tác giả,NaN,NXB Thanh Niên,Phúc Minh,9786043340884,NaN,100.00 gam,Tiếng Việt,Bìa mềm,24 x 17 cm,01/07/2021,16
24,"Giáo Dục An Toàn Giao Thông - Dành Cho Trẻ 5-6 Tuổi: Đèn Đỏ Rồi, Dừng Lại Thôi",Nhiều tác giả,NaN,NXB Thanh Niên,Phúc Minh,9786043340921,NaN,100.00 gam,Tiếng Việt,Bìa mềm,24 x 17 cm,01/07/2021,16
25,Giấc Mơ Kỳ Lạ Của Luy-Xiêng,Jean Marc Mathis,"Đặng Minh Quân , Lê Chúc An",Nxb Hà Nội,Nhã Nam,8935235230484,NaN,200.00 gam,Tiếng Việt,Bìa mềm,19 x 14.5 cm,06/07/2021,48
26,"Luy-Xiêng, Cậu Sẽ Bị Ăn Thịt Mất",Jean Marc Mathis,"Đặng Minh Quân , Lê Chúc An",Nxb Hà Nội,Nhã Nam,8935235230460,NaN,200.00 gam,Tiếng Việt,Bìa mềm,19 x 14.5 cm,06/07/2021,48
27,Gió Bụi Đầy Trời - Bìa Cứng,Thiên Sơn,NaN,Nxb Hội Nhà Văn,Nhã Nam,8935235230606,NaN,1000.00 gam,Tiếng Việt,Bìa cứng,24 x 15.5 cm,02/07/2021,440
28,Điều Hay Việc Tốt - Tử Tế,Alison Green,Hoàng Ly,Nxb Trẻ,NXB Trẻ,8934974174141,NaN,200.00 gam,Tiếng Việt,Bìa mềm,24 x 19 cm,02/07/2021,48
29,Và Rồi Chẳng Còn Ai,Agatha Christie,Việt Hà,Nxb Trẻ,NXB Trẻ,8934974174240,NaN,350.00 gam,Tiếng Việt,Bìa mềm,20 x 13 cm,02/07/2021,296
